scenario,nbatch,n_warmup,n_runs,median_ms,mean_ms,std_ms,min_ms,max_ms,p10_ms,p90_ms,cpu_rss_mb,cuda_peak_mb
mxpc,1,5,20,203.50047503598034,203.5129752359353,0.5383361844505967,202.27116998285055,204.4697899837047,202.94745683204383,204.11532600410283,1168.12109375,nan
mxpc,2,5,20,233.0707204528153,236.4420022815466,8.975094561603791,231.751139042899,270.71398100815713,231.93544293753803,240.11884382925928,1227.30859375,nan
mxpc,4,5,20,254.8947149189189,261.3652335712686,15.673133435748571,252.65680602751672,302.3736288305372,253.29590297769755,290.2341195847839,1276.1875,nan
mxpc,8,5,20,297.2989690024406,300.09694882901385,9.686300426348817,295.45613192021847,339.8276239167899,295.80062981694937,302.9927408788353,1342.88671875,nan
mxpc,16,5,20,407.1463659638539,409.2454486293718,5.218789524762216,405.49135603941977,427.279724041,405.83998975344,414.394497545436,1428.64453125,nan
mxpc,32,5,20,1023.9924110937864,1025.7503853179514,5.652166809657907,1020.856912015006,1045.7478240132332,1021.5072767110541,1030.7937160367146,1434.71875,nan
mxpc,64,5,20,2946.8571795150638,2946.8217957299203,26.3386829500914,2917.0902448240668,3017.070095986128,2918.193918908946,2973.4506122302264,1470.6171875,nan
