scenario,nbatch,n_warmup,n_runs,median_ms,mean_ms,std_ms,min_ms,max_ms,p10_ms,p90_ms,cpu_rss_mb,cuda_peak_mb
scpcoupmult,1,5,20,75.17865009140223,78.75509881414473,16.593814902165583,74.05741116963327,149.23197403550148,74.29678875487298,75.43359331320971,2754.73828125,nan
scpcoupmult,2,5,20,103.35260559804738,103.43419526470825,0.5945805834330838,103.03953080438077,105.81416310742497,103.09549488592893,103.591039753519,2754.73828125,nan
scpcoupmult,4,5,20,113.44061268027872,113.46507389098406,0.14375000575704558,113.19790594279766,113.80592314526439,113.33387803751975,113.5959918377921,2754.73828125,nan
scpcoupmult,8,5,20,137.23644649144262,137.2939215041697,0.20512153589320484,137.03376497142017,137.76625110767782,137.067198054865,137.5621307408437,2754.73828125,nan
scpcoupmult,16,5,20,175.9737494867295,175.96161174587905,0.20592778454172384,175.58815516531467,176.29916686564684,175.61694032046944,176.2320429785177,2754.73828125,nan
scpcoupmult,32,5,20,1227.1656105294824,1221.8779619433917,18.14587940992918,1190.8221589401364,1267.5955619197339,1202.9735475312918,1236.7679266259074,2754.734375,nan
scpcoupmult,64,5,20,2320.132466382347,2292.384866438806,62.22204442218731,2212.442956166342,2400.2076850738376,2214.5472617819905,2344.1463159862906,2754.73828125,nan
