scenario,nbatch,n_warmup,n_runs,median_ms,mean_ms,std_ms,min_ms,max_ms,p10_ms,p90_ms,cpu_rss_mb,cuda_peak_mb
scpcoup,1,5,20,136.96814654394984,136.9841526611708,0.1670280314903978,136.69002102687955,137.2796359937638,136.81112439371645,137.204732443206,2750.546875,nan
scpcoup,2,5,20,204.13550303783268,204.08435054123402,0.2668612761454778,203.64681398496032,204.55877389758825,203.7361134774983,204.35377121903002,2750.984375,nan
scpcoup,4,5,20,218.34041841793805,218.3199791237712,0.20047607934564707,217.96787111088634,218.65430707111955,218.02180709782988,218.58520626556128,2751.0,nan
scpcoup,8,5,20,277.6222594548017,277.67251684563234,0.2921673116692104,277.20030187629163,278.24576618149877,277.2768799215555,278.09063035529107,2750.984375,nan
scpcoup,16,5,20,376.8784450367093,376.9821435911581,0.2931478517833902,376.50062679313123,377.5491029955447,376.6714939381927,377.3800060385838,2751.1796875,nan
scpcoup,32,5,20,603.6811800440773,603.8484324584715,0.6049806988377178,603.3055041916668,605.7728400919586,603.3785544335842,604.282626695931,2751.1640625,nan
scpcoup,64,5,20,2451.7159099923447,2467.633363243658,38.01536314590538,2386.1271161586046,2519.587555900216,2439.3304695142433,2514.5812707254663,2753.49609375,nan
scpcoup,128,5,20,9071.266178507358,9059.729371126741,218.90403076715094,8791.95357603021,9869.930248009041,8819.399771140888,9096.161809703335,2754.91796875,nan
