scenario,nbatch,n_warmup,n_runs,median_ms,mean_ms,std_ms,min_ms,max_ms,p10_ms,p90_ms,cpu_rss_mb,cuda_peak_mb
scpdecoup,1,5,20,161.8928164243698,161.86673893826082,0.17488810020775128,161.5536231547594,162.25106501951814,161.6652159485966,162.02874132432044,2755.6171875,nan
scpdecoup,2,5,20,227.66719199717045,227.62045941781253,0.19783169733093897,227.20711794681847,227.86723589524627,227.32833239715546,227.85412217490375,2755.609375,nan
scpdecoup,4,5,20,239.87924889661372,239.97506698360667,0.7221033127706699,239.32080902159214,242.8507599979639,239.50808900408447,240.12253617402166,2755.6171875,nan
scpdecoup,8,5,20,288.04477339144796,288.19576809182763,0.6952015500873063,287.5237320549786,290.9124998841435,287.6981765497476,288.4827694389969,2755.609375,nan
scpdecoup,16,5,20,364.9691705359146,364.9738618172705,0.332149669924566,364.24275301396847,365.9922571387142,364.6643991349265,365.2070709038526,2755.6171875,nan
scpdecoup,32,5,20,520.4467185540125,520.5242904485203,0.6160662404775152,519.7423801291734,522.4662618711591,519.8308603838086,521.0738246329129,2755.609375,nan
scpdecoup,64,5,20,2142.509437049739,2140.452411712613,23.992694119539212,2104.6020691283047,2172.667795792222,2110.353488661349,2168.393120984547,2755.6171875,nan
scpdecoup,128,5,20,4653.021207428537,4658.806594298221,40.51260136800586,4617.651535896584,4757.769512012601,4620.831897598691,4722.516014776193,2755.6171875,nan
