scenario,nbatch,n_warmup,n_runs,median_ms,mean_ms,std_ms,min_ms,max_ms,p10_ms,p90_ms,cpu_rss_mb,cuda_peak_mb
scpdecoupexp,1,5,20,86.77147002890706,91.19888715213165,11.724686818501938,86.44957887008786,125.63605490140617,86.5084390854463,93.30608434975153,2754.93359375,nan
scpdecoupexp,2,5,20,124.79921407066286,124.99101379653439,0.7293954897412744,124.46714588440955,127.94624408707023,124.57056259736419,125.24223632644862,2754.91796875,nan
scpdecoupexp,4,5,20,131.46530697122216,131.49888751795515,0.14388360666102348,131.21069292537868,131.71400711871684,131.3417257508263,131.6811269382015,2754.93359375,nan
scpdecoupexp,8,5,20,150.76344006229192,151.0860828915611,1.1548269277212377,150.4810859914869,155.85822705179453,150.60660869348794,151.3931686291471,2754.91796875,nan
scpdecoupexp,16,5,20,188.75936046242714,188.9811499044299,0.8953568046722654,188.4142782073468,192.6973930094391,188.637291546911,189.17380480561405,2754.93359375,nan
scpdecoupexp,32,5,20,252.55821307655424,252.6112764957361,0.5563440751673806,251.7776400782168,254.59691090509295,252.13625929318368,252.94254443142563,2754.91796875,nan
scpdecoupexp,64,5,20,1715.5767420772463,1719.9729248182848,8.970323427123953,1710.267985938117,1744.5612018927932,1712.1732102707028,1731.5524158999324,2754.93359375,nan
scpdecoupexp,128,5,20,3254.5106860343367,3256.623764021788,8.436271927848965,3248.6204870510846,3279.822936048731,3249.709887453355,3262.251436477527,2754.91796875,nan
