scenario,nbatch,n_warmup,n_runs,median_ms,mean_ms,std_ms,min_ms,max_ms,p10_ms,p90_ms,cpu_rss_mb,cuda_peak_mb
tcprandom,1,5,20,1496.0640936624259,1496.3871580199338,1.4125158155063116,1494.2707598675042,1500.1714390236884,1495.1835754094645,1497.6076100720093,2756.203125,nan
tcprandom,2,5,20,1773.6186049878597,1774.3443311192095,2.247593865193859,1771.9840239733458,1782.08551206626,1772.9037414770573,1775.4933669697493,2756.1875,nan
tcprandom,4,5,20,1903.0440709320828,1903.8321645231918,2.877804597097904,1900.2735919784755,1911.9093280751258,1901.1480529094115,1907.6090059708804,2756.203125,nan
tcprandom,8,5,20,2379.4936005724594,2380.5028793984093,5.161135003283821,2372.5270938593894,2395.087040029466,2374.9785751802847,2385.014424356632,2771.8828125,nan
tcprandom,16,5,20,3119.0154451178387,3119.7241575689986,3.6489770388878378,3114.598738029599,3129.051655996591,3116.8383710086346,3122.7935657603666,2771.9140625,nan
tcprandom,32,5,20,4555.206788005307,4556.587150658015,3.5120878882086304,4553.186520002782,4565.443150000647,4553.467392199673,4561.832274589688,2771.921875,nan
tcprandom,64,5,20,18606.540643027984,18656.673398416024,289.3187755694916,18489.291632082313,19858.384593157098,18513.729297346435,18674.63656095788,2771.93359375,nan
tcprandom,128,5,20,68754.84596961178,69137.97841829946,1508.9584943377351,67174.3057849817,72750.33944100142,67705.6902809767,71158.64926970098,2781.69921875,nan
