scenario,nbatch,n_warmup,n_runs,median_ms,mean_ms,std_ms,min_ms,max_ms,p10_ms,p90_ms,cpu_rss_mb,cuda_peak_mb
tcpsingle,1,5,20,109.95803505647928,110.13111361535266,0.6985843280545249,109.73333101719618,112.76832199655473,109.7659285645932,110.2785533759743,2781.70703125,nan
tcpsingle,2,5,20,126.86033197678626,128.5706530092284,6.684350177008648,125.62100309878588,156.40748804435134,126.46960010752082,129.09752777777612,2798.64453125,nan
tcpsingle,4,5,20,141.72722992952913,141.87109782360494,0.4878842604272401,141.37676917016506,143.7173450831324,141.57954447437078,142.1565179945901,2798.6953125,nan
tcpsingle,8,5,20,171.0091563872993,171.37245638296008,1.238155924506991,170.564706902951,176.30322906188667,170.84317908156663,171.67033816222101,2848.7734375,nan
tcpsingle,16,5,20,216.31841047201306,216.56416882760823,0.9498445551580793,216.03829809464514,220.4614549409598,216.0711933625862,216.8082264252007,2848.80859375,nan
tcpsingle,32,5,20,308.77080850768834,308.87518307426944,0.5101040471561865,308.2712860777974,310.7223028782755,308.52195320185274,309.30228133220226,2848.82421875,nan
tcpsingle,64,5,20,1139.8459665942937,1170.5582795781083,128.8054021434339,1136.6570030804724,1717.421778012067,1137.6266378676519,1150.4272556630895,2848.8359375,nan
tcpsingle,128,5,20,4118.0017094593495,4124.133666139096,20.412271673781273,4097.832945873961,4180.61814410612,4108.084973646328,4140.049043227918,2867.12109375,nan
