sweep,case,arm,flow_n,dt_scale,iteration,residual
arms,vp_isoharden,pred+ls,2,1,0,9.51627700e+01
arms,vp_isoharden,pred+ls,2,1,1,4.74204500e+05
arms,vp_isoharden,pred+ls,2,1,2,1.18528700e+05
arms,vp_isoharden,pred+ls,2,1,3,2.96096300e+04
arms,vp_isoharden,pred+ls,2,1,4,7.37990100e+03
arms,vp_isoharden,pred+ls,2,1,5,1.82267400e+03
arms,vp_isoharden,pred+ls,2,1,6,4.34159600e+02
arms,vp_isoharden,pred+ls,2,1,7,8.98521800e+01
arms,vp_isoharden,pred+ls,2,1,8,1.12037400e+01
arms,vp_isoharden,pred+ls,2,1,9,3.09167600e-01
arms,vp_isoharden,pred+ls,2,1,10,2.63734300e-04
arms,vp_isoharden,pred+ls,2,1,11,1.95283700e-10
arms,vp_isoharden,pred-ls,2,1,0,9.51627700e+01
arms,vp_isoharden,pred-ls,2,1,1,6.44570200e+07
arms,vp_isoharden,pred-ls,2,1,2,1.61142300e+07
arms,vp_isoharden,pred-ls,2,1,3,4.02853600e+06
arms,vp_isoharden,pred-ls,2,1,4,1.00711100e+06
arms,vp_isoharden,pred-ls,2,1,5,2.51755300e+05
arms,vp_isoharden,pred-ls,2,1,6,6.29162500e+04
arms,vp_isoharden,pred-ls,2,1,7,1.57065200e+04
arms,vp_isoharden,pred-ls,2,1,8,3.90418500e+03
arms,vp_isoharden,pred-ls,2,1,9,9.53982100e+02
arms,vp_isoharden,pred-ls,2,1,10,2.17873100e+02
arms,vp_isoharden,pred-ls,2,1,11,3.85084100e+01
arms,vp_isoharden,pred-ls,2,1,12,2.87815800e+00
arms,vp_isoharden,pred-ls,2,1,13,2.22262200e-02
arms,vp_isoharden,pred-ls,2,1,14,1.36737300e-06
arms,vp_isoharden,pred-ls,2,1,15,1.32166700e-12
arms,vp_isoharden,nopred+ls,2,1,0,9.51627700e+01
arms,vp_isoharden,nopred+ls,2,1,1,4.74204500e+05
arms,vp_isoharden,nopred+ls,2,1,2,1.18528700e+05
arms,vp_isoharden,nopred+ls,2,1,3,2.96096300e+04
arms,vp_isoharden,nopred+ls,2,1,4,7.37990100e+03
arms,vp_isoharden,nopred+ls,2,1,5,1.82267400e+03
arms,vp_isoharden,nopred+ls,2,1,6,4.34159600e+02
arms,vp_isoharden,nopred+ls,2,1,7,8.98521800e+01
arms,vp_isoharden,nopred+ls,2,1,8,1.12037400e+01
arms,vp_isoharden,nopred+ls,2,1,9,3.09167600e-01
arms,vp_isoharden,nopred+ls,2,1,10,2.63734300e-04
arms,vp_isoharden,nopred+ls,2,1,11,1.95283700e-10
arms,vp_isoharden,nopred-ls,2,1,0,9.51627700e+01
arms,vp_isoharden,nopred-ls,2,1,1,6.44570200e+07
arms,vp_isoharden,nopred-ls,2,1,2,1.61142300e+07
arms,vp_isoharden,nopred-ls,2,1,3,4.02853600e+06
arms,vp_isoharden,nopred-ls,2,1,4,1.00711100e+06
arms,vp_isoharden,nopred-ls,2,1,5,2.51755300e+05
arms,vp_isoharden,nopred-ls,2,1,6,6.29162500e+04
arms,vp_isoharden,nopred-ls,2,1,7,1.57065200e+04
arms,vp_isoharden,nopred-ls,2,1,8,3.90418500e+03
arms,vp_isoharden,nopred-ls,2,1,9,9.53982100e+02
arms,vp_isoharden,nopred-ls,2,1,10,2.17873100e+02
arms,vp_isoharden,nopred-ls,2,1,11,3.85084100e+01
arms,vp_isoharden,nopred-ls,2,1,12,2.87815800e+00
arms,vp_isoharden,nopred-ls,2,1,13,2.22262200e-02
arms,vp_isoharden,nopred-ls,2,1,14,1.36737300e-06
arms,vp_isoharden,nopred-ls,2,1,15,1.32166700e-12
stiffness,vp_isoharden,pred-ls,2,1,0,9.51627700e+01
stiffness,vp_isoharden,pred-ls,2,1,1,6.44570200e+07
stiffness,vp_isoharden,pred-ls,2,1,2,1.61142300e+07
stiffness,vp_isoharden,pred-ls,2,1,3,4.02853600e+06
stiffness,vp_isoharden,pred-ls,2,1,4,1.00711100e+06
stiffness,vp_isoharden,pred-ls,2,1,5,2.51755300e+05
stiffness,vp_isoharden,pred-ls,2,1,6,6.29162500e+04
stiffness,vp_isoharden,pred-ls,2,1,7,1.57065200e+04
stiffness,vp_isoharden,pred-ls,2,1,8,3.90418500e+03
stiffness,vp_isoharden,pred-ls,2,1,9,9.53982100e+02
stiffness,vp_isoharden,pred-ls,2,1,10,2.17873100e+02
stiffness,vp_isoharden,pred-ls,2,1,11,3.85084100e+01
stiffness,vp_isoharden,pred-ls,2,1,12,2.87815800e+00
stiffness,vp_isoharden,pred-ls,2,1,13,2.22262200e-02
stiffness,vp_isoharden,pred-ls,2,1,14,1.36737300e-06
stiffness,vp_isoharden,pred-ls,2,1,15,1.32166700e-12
stiffness,vp_isoharden,pred-ls,4,1,0,9.51627700e+01
stiffness,vp_isoharden,pred-ls,4,1,1,5.34710900e+07
stiffness,vp_isoharden,pred-ls,4,1,2,1.69185700e+07
stiffness,vp_isoharden,pred-ls,4,1,3,5.35312700e+06
stiffness,vp_isoharden,pred-ls,4,1,4,1.69374500e+06
stiffness,vp_isoharden,pred-ls,4,1,5,5.35892400e+05
stiffness,vp_isoharden,pred-ls,4,1,6,1.69539400e+05
stiffness,vp_isoharden,pred-ls,4,1,7,5.36222200e+04
stiffness,vp_isoharden,pred-ls,4,1,8,1.69446800e+04
stiffness,vp_isoharden,pred-ls,4,1,9,5.33927500e+03
stiffness,vp_isoharden,pred-ls,4,1,10,1.66710100e+03
stiffness,vp_isoharden,pred-ls,4,1,11,5.05579000e+02
stiffness,vp_isoharden,pred-ls,4,1,12,1.39796500e+02
stiffness,vp_isoharden,pred-ls,4,1,13,2.89647200e+01
stiffness,vp_isoharden,pred-ls,4,1,14,2.56763500e+00
stiffness,vp_isoharden,pred-ls,4,1,15,2.69660300e-02
stiffness,vp_isoharden,pred-ls,4,1,16,3.07344500e-06
stiffness,vp_isoharden,pred-ls,4,1,17,6.30919300e-14
stiffness,vp_isoharden,pred-ls,8,1,0,9.51627700e+01
stiffness,vp_isoharden,pred-ls,8,1,1,3.67973600e+07
stiffness,vp_isoharden,pred-ls,8,1,2,1.26438900e+07
stiffness,vp_isoharden,pred-ls,8,1,3,4.34454600e+06
stiffness,vp_isoharden,pred-ls,8,1,4,1.49281400e+06
stiffness,vp_isoharden,pred-ls,8,1,5,5.12931700e+05
stiffness,vp_isoharden,pred-ls,8,1,6,1.76234000e+05
stiffness,vp_isoharden,pred-ls,8,1,7,6.05404700e+04
stiffness,vp_isoharden,pred-ls,8,1,8,2.07860600e+04
stiffness,vp_isoharden,pred-ls,8,1,9,7.12516400e+03
stiffness,vp_isoharden,pred-ls,8,1,10,2.43041900e+03
stiffness,vp_isoharden,pred-ls,8,1,11,8.16814800e+02
stiffness,vp_isoharden,pred-ls,8,1,12,2.62569300e+02
stiffness,vp_isoharden,pred-ls,8,1,13,7.39188900e+01
stiffness,vp_isoharden,pred-ls,8,1,14,1.40930700e+01
stiffness,vp_isoharden,pred-ls,8,1,15,9.17424600e-01
stiffness,vp_isoharden,pred-ls,8,1,16,4.69793700e-03
stiffness,vp_isoharden,pred-ls,8,1,17,1.24989500e-07
stiffness,vp_isoharden,pred-ls,12,1,0,9.51627700e+01
stiffness,vp_isoharden,pred-ls,12,1,1,2.53229500e+07
stiffness,vp_isoharden,pred-ls,12,1,2,8.91356200e+06
stiffness,vp_isoharden,pred-ls,12,1,3,3.13752900e+06
stiffness,vp_isoharden,pred-ls,12,1,4,1.10438900e+06
stiffness,vp_isoharden,pred-ls,12,1,5,3.88730900e+05
stiffness,vp_isoharden,pred-ls,12,1,6,1.36821300e+05
stiffness,vp_isoharden,pred-ls,12,1,7,4.81490900e+04
stiffness,vp_isoharden,pred-ls,12,1,8,1.69358300e+04
stiffness,vp_isoharden,pred-ls,12,1,9,5.94797600e+03
stiffness,vp_isoharden,pred-ls,12,1,10,2.07949500e+03
stiffness,vp_isoharden,pred-ls,12,1,11,7.17220600e+02
stiffness,vp_isoharden,pred-ls,12,1,12,2.37609800e+02
stiffness,vp_isoharden,pred-ls,12,1,13,6.99109800e+01
stiffness,vp_isoharden,pred-ls,12,1,14,1.45631800e+01
stiffness,vp_isoharden,pred-ls,12,1,15,1.16829800e+00
stiffness,vp_isoharden,pred-ls,12,1,16,9.43331100e-03
stiffness,vp_isoharden,pred-ls,12,1,17,6.28798900e-07
stiffness,vp_isoharden,pred-ls,20,1,0,9.51627700e+01
stiffness,vp_isoharden,pred-ls,20,1,1,1.19924900e+07
stiffness,vp_isoharden,pred-ls,20,1,2,4.29913700e+06
stiffness,vp_isoharden,pred-ls,20,1,3,1.54117600e+06
stiffness,vp_isoharden,pred-ls,20,1,4,5.52485100e+05
stiffness,vp_isoharden,pred-ls,20,1,5,1.98052300e+05
stiffness,vp_isoharden,pred-ls,20,1,6,7.09922500e+04
stiffness,vp_isoharden,pred-ls,20,1,7,2.54421500e+04
stiffness,vp_isoharden,pred-ls,20,1,8,9.11227700e+03
stiffness,vp_isoharden,pred-ls,20,1,9,3.25749100e+03
stiffness,vp_isoharden,pred-ls,20,1,10,1.15795800e+03
stiffness,vp_isoharden,pred-ls,20,1,11,4.04792800e+02
stiffness,vp_isoharden,pred-ls,20,1,12,1.34690500e+02
stiffness,vp_isoharden,pred-ls,20,1,13,3.87917200e+01
stiffness,vp_isoharden,pred-ls,20,1,14,7.37715000e+00
stiffness,vp_isoharden,pred-ls,20,1,15,4.58010300e-01
stiffness,vp_isoharden,pred-ls,20,1,16,2.09134400e-03
stiffness,vp_isoharden,pred-ls,20,1,17,4.41390200e-08
stiffness,vp_isoharden,nopred-ls,2,1,0,9.51627700e+01
stiffness,vp_isoharden,nopred-ls,2,1,1,6.44570200e+07
stiffness,vp_isoharden,nopred-ls,2,1,2,1.61142300e+07
stiffness,vp_isoharden,nopred-ls,2,1,3,4.02853600e+06
stiffness,vp_isoharden,nopred-ls,2,1,4,1.00711100e+06
stiffness,vp_isoharden,nopred-ls,2,1,5,2.51755300e+05
stiffness,vp_isoharden,nopred-ls,2,1,6,6.29162500e+04
stiffness,vp_isoharden,nopred-ls,2,1,7,1.57065200e+04
stiffness,vp_isoharden,nopred-ls,2,1,8,3.90418500e+03
stiffness,vp_isoharden,nopred-ls,2,1,9,9.53982100e+02
stiffness,vp_isoharden,nopred-ls,2,1,10,2.17873100e+02
stiffness,vp_isoharden,nopred-ls,2,1,11,3.85084100e+01
stiffness,vp_isoharden,nopred-ls,2,1,12,2.87815800e+00
stiffness,vp_isoharden,nopred-ls,2,1,13,2.22262200e-02
stiffness,vp_isoharden,nopred-ls,2,1,14,1.36737300e-06
stiffness,vp_isoharden,nopred-ls,2,1,15,1.32166700e-12
stiffness,vp_isoharden,nopred-ls,4,1,0,9.51627700e+01
stiffness,vp_isoharden,nopred-ls,4,1,1,5.34710900e+07
stiffness,vp_isoharden,nopred-ls,4,1,2,1.69185700e+07
stiffness,vp_isoharden,nopred-ls,4,1,3,5.35312700e+06
stiffness,vp_isoharden,nopred-ls,4,1,4,1.69374500e+06
stiffness,vp_isoharden,nopred-ls,4,1,5,5.35892400e+05
stiffness,vp_isoharden,nopred-ls,4,1,6,1.69539400e+05
stiffness,vp_isoharden,nopred-ls,4,1,7,5.36222200e+04
stiffness,vp_isoharden,nopred-ls,4,1,8,1.69446800e+04
stiffness,vp_isoharden,nopred-ls,4,1,9,5.33927500e+03
stiffness,vp_isoharden,nopred-ls,4,1,10,1.66710100e+03
stiffness,vp_isoharden,nopred-ls,4,1,11,5.05579000e+02
stiffness,vp_isoharden,nopred-ls,4,1,12,1.39796500e+02
stiffness,vp_isoharden,nopred-ls,4,1,13,2.89647200e+01
stiffness,vp_isoharden,nopred-ls,4,1,14,2.56763500e+00
stiffness,vp_isoharden,nopred-ls,4,1,15,2.69660300e-02
stiffness,vp_isoharden,nopred-ls,4,1,16,3.07344500e-06
stiffness,vp_isoharden,nopred-ls,4,1,17,6.30919300e-14
stiffness,vp_isoharden,nopred-ls,8,1,0,9.51627700e+01
stiffness,vp_isoharden,nopred-ls,8,1,1,3.67973600e+07
stiffness,vp_isoharden,nopred-ls,8,1,2,1.26438900e+07
stiffness,vp_isoharden,nopred-ls,8,1,3,4.34454600e+06
stiffness,vp_isoharden,nopred-ls,8,1,4,1.49281400e+06
stiffness,vp_isoharden,nopred-ls,8,1,5,5.12931700e+05
stiffness,vp_isoharden,nopred-ls,8,1,6,1.76234000e+05
stiffness,vp_isoharden,nopred-ls,8,1,7,6.05404700e+04
stiffness,vp_isoharden,nopred-ls,8,1,8,2.07860600e+04
stiffness,vp_isoharden,nopred-ls,8,1,9,7.12516400e+03
stiffness,vp_isoharden,nopred-ls,8,1,10,2.43041900e+03
stiffness,vp_isoharden,nopred-ls,8,1,11,8.16814800e+02
stiffness,vp_isoharden,nopred-ls,8,1,12,2.62569300e+02
stiffness,vp_isoharden,nopred-ls,8,1,13,7.39188900e+01
stiffness,vp_isoharden,nopred-ls,8,1,14,1.40930700e+01
stiffness,vp_isoharden,nopred-ls,8,1,15,9.17424600e-01
stiffness,vp_isoharden,nopred-ls,8,1,16,4.69793700e-03
stiffness,vp_isoharden,nopred-ls,8,1,17,1.24989500e-07
stiffness,vp_isoharden,nopred-ls,12,1,0,9.51627700e+01
stiffness,vp_isoharden,nopred-ls,12,1,1,2.53229500e+07
stiffness,vp_isoharden,nopred-ls,12,1,2,8.91356200e+06
stiffness,vp_isoharden,nopred-ls,12,1,3,3.13752900e+06
stiffness,vp_isoharden,nopred-ls,12,1,4,1.10438900e+06
stiffness,vp_isoharden,nopred-ls,12,1,5,3.88730900e+05
stiffness,vp_isoharden,nopred-ls,12,1,6,1.36821300e+05
stiffness,vp_isoharden,nopred-ls,12,1,7,4.81490900e+04
stiffness,vp_isoharden,nopred-ls,12,1,8,1.69358300e+04
stiffness,vp_isoharden,nopred-ls,12,1,9,5.94797600e+03
stiffness,vp_isoharden,nopred-ls,12,1,10,2.07949500e+03
stiffness,vp_isoharden,nopred-ls,12,1,11,7.17220600e+02
stiffness,vp_isoharden,nopred-ls,12,1,12,2.37609800e+02
stiffness,vp_isoharden,nopred-ls,12,1,13,6.99109800e+01
stiffness,vp_isoharden,nopred-ls,12,1,14,1.45631800e+01
stiffness,vp_isoharden,nopred-ls,12,1,15,1.16829800e+00
stiffness,vp_isoharden,nopred-ls,12,1,16,9.43331100e-03
stiffness,vp_isoharden,nopred-ls,12,1,17,6.28798900e-07
stiffness,vp_isoharden,nopred-ls,20,1,0,9.51627700e+01
stiffness,vp_isoharden,nopred-ls,20,1,1,1.19924900e+07
stiffness,vp_isoharden,nopred-ls,20,1,2,4.29913700e+06
stiffness,vp_isoharden,nopred-ls,20,1,3,1.54117600e+06
stiffness,vp_isoharden,nopred-ls,20,1,4,5.52485100e+05
stiffness,vp_isoharden,nopred-ls,20,1,5,1.98052300e+05
stiffness,vp_isoharden,nopred-ls,20,1,6,7.09922500e+04
stiffness,vp_isoharden,nopred-ls,20,1,7,2.54421500e+04
stiffness,vp_isoharden,nopred-ls,20,1,8,9.11227700e+03
stiffness,vp_isoharden,nopred-ls,20,1,9,3.25749100e+03
stiffness,vp_isoharden,nopred-ls,20,1,10,1.15795800e+03
stiffness,vp_isoharden,nopred-ls,20,1,11,4.04792800e+02
stiffness,vp_isoharden,nopred-ls,20,1,12,1.34690500e+02
stiffness,vp_isoharden,nopred-ls,20,1,13,3.87917200e+01
stiffness,vp_isoharden,nopred-ls,20,1,14,7.37715000e+00
stiffness,vp_isoharden,nopred-ls,20,1,15,4.58010300e-01
stiffness,vp_isoharden,nopred-ls,20,1,16,2.09134400e-03
stiffness,vp_isoharden,nopred-ls,20,1,17,4.41390200e-08
stepsize,vp_isoharden,pred+ls,2,1,0,9.51627700e+01
stepsize,vp_isoharden,pred+ls,2,1,1,4.74204500e+05
stepsize,vp_isoharden,pred+ls,2,1,2,1.18528700e+05
stepsize,vp_isoharden,pred+ls,2,1,3,2.96096300e+04
stepsize,vp_isoharden,pred+ls,2,1,4,7.37990100e+03
stepsize,vp_isoharden,pred+ls,2,1,5,1.82267400e+03
stepsize,vp_isoharden,pred+ls,2,1,6,4.34159600e+02
stepsize,vp_isoharden,pred+ls,2,1,7,8.98521800e+01
stepsize,vp_isoharden,pred+ls,2,1,8,1.12037400e+01
stepsize,vp_isoharden,pred+ls,2,1,9,3.09167600e-01
stepsize,vp_isoharden,pred+ls,2,1,10,2.63734300e-04
stepsize,vp_isoharden,pred+ls,2,1,11,1.95283700e-10
stepsize,vp_isoharden,pred+ls,2,2,0,1.90325500e+02
stepsize,vp_isoharden,pred+ls,2,2,1,6.03578600e+06
stepsize,vp_isoharden,pred+ls,2,2,2,1.50890100e+06
stepsize,vp_isoharden,pred+ls,2,2,3,3.77179000e+05
stepsize,vp_isoharden,pred+ls,2,2,4,9.42486200e+04
stepsize,vp_isoharden,pred+ls,2,2,5,2.35160800e+04
stepsize,vp_isoharden,pred+ls,2,2,6,5.83322000e+03
stepsize,vp_isoharden,pred+ls,2,2,7,1.41356100e+03
stepsize,vp_isoharden,pred+ls,2,2,8,3.12562400e+02
stepsize,vp_isoharden,pred+ls,2,2,9,4.91222100e+01
stepsize,vp_isoharden,pred+ls,2,2,10,2.58057300e+00
stepsize,vp_isoharden,pred+ls,2,2,11,8.89226100e-03
stepsize,vp_isoharden,pred+ls,2,2,12,1.07053800e-07
stepsize,vp_isoharden,pred+ls,2,5,0,4.75813900e+02
stepsize,vp_isoharden,pred+ls,2,5,1,1.19211800e+08
stepsize,vp_isoharden,pred+ls,2,5,2,2.98028400e+07
stepsize,vp_isoharden,pred+ls,2,5,3,7.45059300e+06
stepsize,vp_isoharden,pred+ls,2,5,4,1.86253100e+06
stepsize,vp_isoharden,pred+ls,2,5,5,4.65515900e+05
stepsize,vp_isoharden,pred+ls,2,5,6,1.16262200e+05
stepsize,vp_isoharden,pred+ls,2,5,7,2.89490900e+04
stepsize,vp_isoharden,pred+ls,2,5,8,7.12221300e+03
stepsize,vp_isoharden,pred+ls,2,5,9,1.67083800e+03
stepsize,vp_isoharden,pred+ls,2,5,10,3.26359400e+02
stepsize,vp_isoharden,pred+ls,2,5,11,3.35344600e+01
stepsize,vp_isoharden,pred+ls,2,5,12,5.60919500e-01
stepsize,vp_isoharden,pred+ls,2,5,13,1.67986100e-04
stepsize,vp_isoharden,pred+ls,2,5,14,4.47087500e-12
stepsize,vp_isoharden,pred+ls,2,10,0,9.51627700e+02
stepsize,vp_isoharden,pred+ls,2,10,1,1.02527800e+09
stepsize,vp_isoharden,pred+ls,2,10,2,2.56319300e+08
stepsize,vp_isoharden,pred+ls,2,10,3,6.40796000e+07
stepsize,vp_isoharden,pred+ls,2,10,4,1.60196700e+07
stepsize,vp_isoharden,pred+ls,2,10,5,4.00468100e+06
stepsize,vp_isoharden,pred+ls,2,10,6,1.00093600e+06
stepsize,vp_isoharden,pred+ls,2,10,7,2.49999300e+05
stepsize,vp_isoharden,pred+ls,2,10,8,6.22658400e+04
stepsize,vp_isoharden,pred+ls,2,10,9,1.53351000e+04
stepsize,vp_isoharden,pred+ls,2,10,10,3.61248000e+03
stepsize,vp_isoharden,pred+ls,2,10,11,7.16737000e+02
stepsize,vp_isoharden,pred+ls,2,10,12,7.75465300e+01
stepsize,vp_isoharden,pred+ls,2,10,13,1.47830800e+00
stepsize,vp_isoharden,pred+ls,2,10,14,5.80677400e-04
stepsize,vp_isoharden,pred+ls,2,10,15,1.22354800e-10
stepsize,vp_isoharden,pred+ls,2,20,0,1.90325500e+03
stepsize,vp_isoharden,pred+ls,2,20,1,8.49632600e+09
stepsize,vp_isoharden,pred+ls,2,20,2,2.12408100e+09
stepsize,vp_isoharden,pred+ls,2,20,3,5.31019800e+08
stepsize,vp_isoharden,pred+ls,2,20,4,1.32754500e+08
stepsize,vp_isoharden,pred+ls,2,20,5,3.31881500e+07
stepsize,vp_isoharden,pred+ls,2,20,6,8.29656700e+06
stepsize,vp_isoharden,pred+ls,2,20,7,2.07367100e+06
stepsize,vp_isoharden,pred+ls,2,20,8,5.17947500e+05
stepsize,vp_isoharden,pred+ls,2,20,9,1.29017900e+05
stepsize,vp_isoharden,pred+ls,2,20,10,3.17905200e+04
stepsize,vp_isoharden,pred+ls,2,20,11,7.50323700e+03
stepsize,vp_isoharden,pred+ls,2,20,12,1.49952100e+03
stepsize,vp_isoharden,pred+ls,2,20,13,1.66197000e+02
stepsize,vp_isoharden,pred+ls,2,20,14,3.37002800e+00
stepsize,vp_isoharden,pred+ls,2,20,15,1.50526700e-03
stepsize,vp_isoharden,pred+ls,2,20,16,3.50408200e-10
stepsize,vp_isoharden,pred-ls,2,1,0,9.51627700e+01
stepsize,vp_isoharden,pred-ls,2,1,1,6.44570200e+07
stepsize,vp_isoharden,pred-ls,2,1,2,1.61142300e+07
stepsize,vp_isoharden,pred-ls,2,1,3,4.02853600e+06
stepsize,vp_isoharden,pred-ls,2,1,4,1.00711100e+06
stepsize,vp_isoharden,pred-ls,2,1,5,2.51755300e+05
stepsize,vp_isoharden,pred-ls,2,1,6,6.29162500e+04
stepsize,vp_isoharden,pred-ls,2,1,7,1.57065200e+04
stepsize,vp_isoharden,pred-ls,2,1,8,3.90418500e+03
stepsize,vp_isoharden,pred-ls,2,1,9,9.53982100e+02
stepsize,vp_isoharden,pred-ls,2,1,10,2.17873100e+02
stepsize,vp_isoharden,pred-ls,2,1,11,3.85084100e+01
stepsize,vp_isoharden,pred-ls,2,1,12,2.87815800e+00
stepsize,vp_isoharden,pred-ls,2,1,13,2.22262200e-02
stepsize,vp_isoharden,pred-ls,2,1,14,1.36737300e-06
stepsize,vp_isoharden,pred-ls,2,1,15,1.32166700e-12
stepsize,vp_isoharden,pred-ls,2,2,0,1.90325500e+02
stepsize,vp_isoharden,pred-ls,2,2,1,5.39028400e+08
stepsize,vp_isoharden,pred-ls,2,2,2,1.34757100e+08
stepsize,vp_isoharden,pred-ls,2,2,3,3.36892200e+07
stepsize,vp_isoharden,pred-ls,2,2,4,8.42225800e+06
stepsize,vp_isoharden,pred-ls,2,2,5,2.10551800e+06
stepsize,vp_isoharden,pred-ls,2,2,6,5.26333400e+05
stepsize,vp_isoharden,pred-ls,2,2,7,1.31537200e+05
stepsize,vp_isoharden,pred-ls,2,2,8,3.28382100e+04
stepsize,vp_isoharden,pred-ls,2,2,9,8.16364900e+03
stepsize,vp_isoharden,pred-ls,2,2,10,1.99577300e+03
stepsize,vp_isoharden,pred-ls,2,2,11,4.56691400e+02
stepsize,vp_isoharden,pred-ls,2,2,12,8.13020100e+01
stepsize,vp_isoharden,pred-ls,2,2,13,6.21371000e+00
stepsize,vp_isoharden,pred-ls,2,2,14,5.05748900e-02
stepsize,vp_isoharden,pred-ls,2,2,15,3.46224700e-06
stepsize,vp_isoharden,pred-ls,2,2,16,1.13674300e-12
stepsize,vp_isoharden,pred-ls,2,5,0,4.75813900e+02
stepsize,vp_isoharden,pred-ls,2,5,1,8.64531800e+09
stepsize,vp_isoharden,pred-ls,2,5,2,2.16132900e+09
stepsize,vp_isoharden,pred-ls,2,5,3,5.40332200e+08
stepsize,vp_isoharden,pred-ls,2,5,4,1.35082900e+08
stepsize,vp_isoharden,pred-ls,2,5,5,3.37706200e+07
stepsize,vp_isoharden,pred-ls,2,5,6,8.44253800e+06
stepsize,vp_isoharden,pred-ls,2,5,7,2.11051800e+06
stepsize,vp_isoharden,pred-ls,2,5,8,5.27512500e+05
stepsize,vp_isoharden,pred-ls,2,5,9,1.31761300e+05
stepsize,vp_isoharden,pred-ls,2,5,10,3.28238200e+04
stepsize,vp_isoharden,pred-ls,2,5,11,8.09067800e+03
stepsize,vp_isoharden,pred-ls,2,5,12,1.91213900e+03
stepsize,vp_isoharden,pred-ls,2,5,13,3.84092100e+02
stepsize,vp_isoharden,pred-ls,2,5,14,4.33000400e+01
stepsize,vp_isoharden,pred-ls,2,5,15,9.17305900e-01
stepsize,vp_isoharden,pred-ls,2,5,16,4.48921400e-04
stepsize,vp_isoharden,pred-ls,2,5,17,1.10593600e-10
stepsize,vp_isoharden,pred-ls,2,10,0,9.51627700e+02
stepsize,vp_isoharden,pred-ls,2,10,1,6.97623900e+10
stepsize,vp_isoharden,pred-ls,2,10,2,1.74406000e+10
stepsize,vp_isoharden,pred-ls,2,10,3,4.36014900e+09
stepsize,vp_isoharden,pred-ls,2,10,4,1.09003700e+09
stepsize,vp_isoharden,pred-ls,2,10,5,2.72509000e+08
stepsize,vp_isoharden,pred-ls,2,10,6,6.81270200e+07
stepsize,vp_isoharden,pred-ls,2,10,7,1.70315200e+07
stepsize,vp_isoharden,pred-ls,2,10,8,4.25764500e+06
stepsize,vp_isoharden,pred-ls,2,10,9,1.06417700e+06
stepsize,vp_isoharden,pred-ls,2,10,10,2.65809500e+05
stepsize,vp_isoharden,pred-ls,2,10,11,6.62183500e+04
stepsize,vp_isoharden,pred-ls,2,10,12,1.63230200e+04
stepsize,vp_isoharden,pred-ls,2,10,13,3.85868500e+03
stepsize,vp_isoharden,pred-ls,2,10,14,7.75801000e+02
stepsize,vp_isoharden,pred-ls,2,10,15,8.77252700e+01
stepsize,vp_isoharden,pred-ls,2,10,16,1.87311500e+00
stepsize,vp_isoharden,pred-ls,2,10,17,9.31862000e-04
stepsize,vp_isoharden,pred-ls,2,10,18,2.13247200e-10
stepsize,vp_isoharden,pred-ls,2,20,0,1.90325500e+03
stepsize,vp_isoharden,pred-ls,2,20,1,5.60506300e+11
stepsize,vp_isoharden,pred-ls,2,20,2,1.40126600e+11
stepsize,vp_isoharden,pred-ls,2,20,3,3.50316400e+10
stepsize,vp_isoharden,pred-ls,2,20,4,8.75791000e+09
stepsize,vp_isoharden,pred-ls,2,20,5,2.18947700e+09
stepsize,vp_isoharden,pred-ls,2,20,6,5.47368800e+08
stepsize,vp_isoharden,pred-ls,2,20,7,1.36841700e+08
stepsize,vp_isoharden,pred-ls,2,20,8,3.42099600e+07
stepsize,vp_isoharden,pred-ls,2,20,9,8.55201900e+06
stepsize,vp_isoharden,pred-ls,2,20,10,2.13753400e+06
stepsize,vp_isoharden,pred-ls,2,20,11,5.33913300e+05
stepsize,vp_isoharden,pred-ls,2,20,12,1.33009300e+05
stepsize,vp_isoharden,pred-ls,2,20,13,3.27881700e+04
stepsize,vp_isoharden,pred-ls,2,20,14,7.75189200e+03
stepsize,vp_isoharden,pred-ls,2,20,15,1.55924800e+03
stepsize,vp_isoharden,pred-ls,2,20,16,1.76582000e+02
stepsize,vp_isoharden,pred-ls,2,20,17,3.78516100e+00
stepsize,vp_isoharden,pred-ls,2,20,18,1.89854000e-03
stepsize,vp_isoharden,pred-ls,2,20,19,4.71727500e-10
stepsize,vp_isoharden,nopred+ls,2,1,0,9.51627700e+01
stepsize,vp_isoharden,nopred+ls,2,1,1,4.74204500e+05
stepsize,vp_isoharden,nopred+ls,2,1,2,1.18528700e+05
stepsize,vp_isoharden,nopred+ls,2,1,3,2.96096300e+04
stepsize,vp_isoharden,nopred+ls,2,1,4,7.37990100e+03
stepsize,vp_isoharden,nopred+ls,2,1,5,1.82267400e+03
stepsize,vp_isoharden,nopred+ls,2,1,6,4.34159600e+02
stepsize,vp_isoharden,nopred+ls,2,1,7,8.98521800e+01
stepsize,vp_isoharden,nopred+ls,2,1,8,1.12037400e+01
stepsize,vp_isoharden,nopred+ls,2,1,9,3.09167600e-01
stepsize,vp_isoharden,nopred+ls,2,1,10,2.63734300e-04
stepsize,vp_isoharden,nopred+ls,2,1,11,1.95283700e-10
stepsize,vp_isoharden,nopred+ls,2,2,0,1.90325500e+02
stepsize,vp_isoharden,nopred+ls,2,2,1,6.03578600e+06
stepsize,vp_isoharden,nopred+ls,2,2,2,1.50890100e+06
stepsize,vp_isoharden,nopred+ls,2,2,3,3.77179000e+05
stepsize,vp_isoharden,nopred+ls,2,2,4,9.42486200e+04
stepsize,vp_isoharden,nopred+ls,2,2,5,2.35160800e+04
stepsize,vp_isoharden,nopred+ls,2,2,6,5.83322000e+03
stepsize,vp_isoharden,nopred+ls,2,2,7,1.41356100e+03
stepsize,vp_isoharden,nopred+ls,2,2,8,3.12562400e+02
stepsize,vp_isoharden,nopred+ls,2,2,9,4.91222100e+01
stepsize,vp_isoharden,nopred+ls,2,2,10,2.58057300e+00
stepsize,vp_isoharden,nopred+ls,2,2,11,8.89226100e-03
stepsize,vp_isoharden,nopred+ls,2,2,12,1.07053800e-07
stepsize,vp_isoharden,nopred+ls,2,5,0,4.75813900e+02
stepsize,vp_isoharden,nopred+ls,2,5,1,1.19211800e+08
stepsize,vp_isoharden,nopred+ls,2,5,2,2.98028400e+07
stepsize,vp_isoharden,nopred+ls,2,5,3,7.45059300e+06
stepsize,vp_isoharden,nopred+ls,2,5,4,1.86253100e+06
stepsize,vp_isoharden,nopred+ls,2,5,5,4.65515900e+05
stepsize,vp_isoharden,nopred+ls,2,5,6,1.16262200e+05
stepsize,vp_isoharden,nopred+ls,2,5,7,2.89490900e+04
stepsize,vp_isoharden,nopred+ls,2,5,8,7.12221300e+03
stepsize,vp_isoharden,nopred+ls,2,5,9,1.67083800e+03
stepsize,vp_isoharden,nopred+ls,2,5,10,3.26359400e+02
stepsize,vp_isoharden,nopred+ls,2,5,11,3.35344600e+01
stepsize,vp_isoharden,nopred+ls,2,5,12,5.60919500e-01
stepsize,vp_isoharden,nopred+ls,2,5,13,1.67986100e-04
stepsize,vp_isoharden,nopred+ls,2,5,14,4.47087500e-12
stepsize,vp_isoharden,nopred+ls,2,10,0,9.51627700e+02
stepsize,vp_isoharden,nopred+ls,2,10,1,1.02527800e+09
stepsize,vp_isoharden,nopred+ls,2,10,2,2.56319300e+08
stepsize,vp_isoharden,nopred+ls,2,10,3,6.40796000e+07
stepsize,vp_isoharden,nopred+ls,2,10,4,1.60196700e+07
stepsize,vp_isoharden,nopred+ls,2,10,5,4.00468100e+06
stepsize,vp_isoharden,nopred+ls,2,10,6,1.00093600e+06
stepsize,vp_isoharden,nopred+ls,2,10,7,2.49999300e+05
stepsize,vp_isoharden,nopred+ls,2,10,8,6.22658400e+04
stepsize,vp_isoharden,nopred+ls,2,10,9,1.53351000e+04
stepsize,vp_isoharden,nopred+ls,2,10,10,3.61248000e+03
stepsize,vp_isoharden,nopred+ls,2,10,11,7.16737000e+02
stepsize,vp_isoharden,nopred+ls,2,10,12,7.75465300e+01
stepsize,vp_isoharden,nopred+ls,2,10,13,1.47830800e+00
stepsize,vp_isoharden,nopred+ls,2,10,14,5.80677400e-04
stepsize,vp_isoharden,nopred+ls,2,10,15,1.22354800e-10
stepsize,vp_isoharden,nopred+ls,2,20,0,1.90325500e+03
stepsize,vp_isoharden,nopred+ls,2,20,1,8.49632600e+09
stepsize,vp_isoharden,nopred+ls,2,20,2,2.12408100e+09
stepsize,vp_isoharden,nopred+ls,2,20,3,5.31019800e+08
stepsize,vp_isoharden,nopred+ls,2,20,4,1.32754500e+08
stepsize,vp_isoharden,nopred+ls,2,20,5,3.31881500e+07
stepsize,vp_isoharden,nopred+ls,2,20,6,8.29656700e+06
stepsize,vp_isoharden,nopred+ls,2,20,7,2.07367100e+06
stepsize,vp_isoharden,nopred+ls,2,20,8,5.17947500e+05
stepsize,vp_isoharden,nopred+ls,2,20,9,1.29017900e+05
stepsize,vp_isoharden,nopred+ls,2,20,10,3.17905200e+04
stepsize,vp_isoharden,nopred+ls,2,20,11,7.50323700e+03
stepsize,vp_isoharden,nopred+ls,2,20,12,1.49952100e+03
stepsize,vp_isoharden,nopred+ls,2,20,13,1.66197000e+02
stepsize,vp_isoharden,nopred+ls,2,20,14,3.37002800e+00
stepsize,vp_isoharden,nopred+ls,2,20,15,1.50526700e-03
stepsize,vp_isoharden,nopred+ls,2,20,16,3.50408200e-10
stepsize,vp_isoharden,nopred-ls,2,1,0,9.51627700e+01
stepsize,vp_isoharden,nopred-ls,2,1,1,6.44570200e+07
stepsize,vp_isoharden,nopred-ls,2,1,2,1.61142300e+07
stepsize,vp_isoharden,nopred-ls,2,1,3,4.02853600e+06
stepsize,vp_isoharden,nopred-ls,2,1,4,1.00711100e+06
stepsize,vp_isoharden,nopred-ls,2,1,5,2.51755300e+05
stepsize,vp_isoharden,nopred-ls,2,1,6,6.29162500e+04
stepsize,vp_isoharden,nopred-ls,2,1,7,1.57065200e+04
stepsize,vp_isoharden,nopred-ls,2,1,8,3.90418500e+03
stepsize,vp_isoharden,nopred-ls,2,1,9,9.53982100e+02
stepsize,vp_isoharden,nopred-ls,2,1,10,2.17873100e+02
stepsize,vp_isoharden,nopred-ls,2,1,11,3.85084100e+01
stepsize,vp_isoharden,nopred-ls,2,1,12,2.87815800e+00
stepsize,vp_isoharden,nopred-ls,2,1,13,2.22262200e-02
stepsize,vp_isoharden,nopred-ls,2,1,14,1.36737300e-06
stepsize,vp_isoharden,nopred-ls,2,1,15,1.32166700e-12
stepsize,vp_isoharden,nopred-ls,2,2,0,1.90325500e+02
stepsize,vp_isoharden,nopred-ls,2,2,1,5.39028400e+08
stepsize,vp_isoharden,nopred-ls,2,2,2,1.34757100e+08
stepsize,vp_isoharden,nopred-ls,2,2,3,3.36892200e+07
stepsize,vp_isoharden,nopred-ls,2,2,4,8.42225800e+06
stepsize,vp_isoharden,nopred-ls,2,2,5,2.10551800e+06
stepsize,vp_isoharden,nopred-ls,2,2,6,5.26333400e+05
stepsize,vp_isoharden,nopred-ls,2,2,7,1.31537200e+05
stepsize,vp_isoharden,nopred-ls,2,2,8,3.28382100e+04
stepsize,vp_isoharden,nopred-ls,2,2,9,8.16364900e+03
stepsize,vp_isoharden,nopred-ls,2,2,10,1.99577300e+03
stepsize,vp_isoharden,nopred-ls,2,2,11,4.56691400e+02
stepsize,vp_isoharden,nopred-ls,2,2,12,8.13020100e+01
stepsize,vp_isoharden,nopred-ls,2,2,13,6.21371000e+00
stepsize,vp_isoharden,nopred-ls,2,2,14,5.05748900e-02
stepsize,vp_isoharden,nopred-ls,2,2,15,3.46224700e-06
stepsize,vp_isoharden,nopred-ls,2,2,16,1.13674300e-12
stepsize,vp_isoharden,nopred-ls,2,5,0,4.75813900e+02
stepsize,vp_isoharden,nopred-ls,2,5,1,8.64531800e+09
stepsize,vp_isoharden,nopred-ls,2,5,2,2.16132900e+09
stepsize,vp_isoharden,nopred-ls,2,5,3,5.40332200e+08
stepsize,vp_isoharden,nopred-ls,2,5,4,1.35082900e+08
stepsize,vp_isoharden,nopred-ls,2,5,5,3.37706200e+07
stepsize,vp_isoharden,nopred-ls,2,5,6,8.44253800e+06
stepsize,vp_isoharden,nopred-ls,2,5,7,2.11051800e+06
stepsize,vp_isoharden,nopred-ls,2,5,8,5.27512500e+05
stepsize,vp_isoharden,nopred-ls,2,5,9,1.31761300e+05
stepsize,vp_isoharden,nopred-ls,2,5,10,3.28238200e+04
stepsize,vp_isoharden,nopred-ls,2,5,11,8.09067800e+03
stepsize,vp_isoharden,nopred-ls,2,5,12,1.91213900e+03
stepsize,vp_isoharden,nopred-ls,2,5,13,3.84092100e+02
stepsize,vp_isoharden,nopred-ls,2,5,14,4.33000400e+01
stepsize,vp_isoharden,nopred-ls,2,5,15,9.17305900e-01
stepsize,vp_isoharden,nopred-ls,2,5,16,4.48921400e-04
stepsize,vp_isoharden,nopred-ls,2,5,17,1.10593600e-10
stepsize,vp_isoharden,nopred-ls,2,10,0,9.51627700e+02
stepsize,vp_isoharden,nopred-ls,2,10,1,6.97623900e+10
stepsize,vp_isoharden,nopred-ls,2,10,2,1.74406000e+10
stepsize,vp_isoharden,nopred-ls,2,10,3,4.36014900e+09
stepsize,vp_isoharden,nopred-ls,2,10,4,1.09003700e+09
stepsize,vp_isoharden,nopred-ls,2,10,5,2.72509000e+08
stepsize,vp_isoharden,nopred-ls,2,10,6,6.81270200e+07
stepsize,vp_isoharden,nopred-ls,2,10,7,1.70315200e+07
stepsize,vp_isoharden,nopred-ls,2,10,8,4.25764500e+06
stepsize,vp_isoharden,nopred-ls,2,10,9,1.06417700e+06
stepsize,vp_isoharden,nopred-ls,2,10,10,2.65809500e+05
stepsize,vp_isoharden,nopred-ls,2,10,11,6.62183500e+04
stepsize,vp_isoharden,nopred-ls,2,10,12,1.63230200e+04
stepsize,vp_isoharden,nopred-ls,2,10,13,3.85868500e+03
stepsize,vp_isoharden,nopred-ls,2,10,14,7.75801000e+02
stepsize,vp_isoharden,nopred-ls,2,10,15,8.77252700e+01
stepsize,vp_isoharden,nopred-ls,2,10,16,1.87311500e+00
stepsize,vp_isoharden,nopred-ls,2,10,17,9.31862000e-04
stepsize,vp_isoharden,nopred-ls,2,10,18,2.13247200e-10
stepsize,vp_isoharden,nopred-ls,2,20,0,1.90325500e+03
stepsize,vp_isoharden,nopred-ls,2,20,1,5.60506300e+11
stepsize,vp_isoharden,nopred-ls,2,20,2,1.40126600e+11
stepsize,vp_isoharden,nopred-ls,2,20,3,3.50316400e+10
stepsize,vp_isoharden,nopred-ls,2,20,4,8.75791000e+09
stepsize,vp_isoharden,nopred-ls,2,20,5,2.18947700e+09
stepsize,vp_isoharden,nopred-ls,2,20,6,5.47368800e+08
stepsize,vp_isoharden,nopred-ls,2,20,7,1.36841700e+08
stepsize,vp_isoharden,nopred-ls,2,20,8,3.42099600e+07
stepsize,vp_isoharden,nopred-ls,2,20,9,8.55201900e+06
stepsize,vp_isoharden,nopred-ls,2,20,10,2.13753400e+06
stepsize,vp_isoharden,nopred-ls,2,20,11,5.33913300e+05
stepsize,vp_isoharden,nopred-ls,2,20,12,1.33009300e+05
stepsize,vp_isoharden,nopred-ls,2,20,13,3.27881700e+04
stepsize,vp_isoharden,nopred-ls,2,20,14,7.75189200e+03
stepsize,vp_isoharden,nopred-ls,2,20,15,1.55924800e+03
stepsize,vp_isoharden,nopred-ls,2,20,16,1.76582000e+02
stepsize,vp_isoharden,nopred-ls,2,20,17,3.78516100e+00
stepsize,vp_isoharden,nopred-ls,2,20,18,1.89854000e-03
stepsize,vp_isoharden,nopred-ls,2,20,19,4.71727500e-10
arms,vp_isoharden_inverted,pred+ls,2,1,0,9.51627700e+01
arms,vp_isoharden_inverted,pred+ls,2,1,1,9.51492600e+01
arms,vp_isoharden_inverted,pred+ls,2,1,2,9.10802900e+01
arms,vp_isoharden_inverted,pred+ls,2,1,3,9.10786600e+01
arms,vp_isoharden_inverted,pred+ls,2,1,4,8.57226200e+01
arms,vp_isoharden_inverted,pred+ls,2,1,5,4.43102800e+01
arms,vp_isoharden_inverted,pred+ls,2,1,6,6.48696100e+00
arms,vp_isoharden_inverted,pred+ls,2,1,7,9.37311200e-02
arms,vp_isoharden_inverted,pred+ls,2,1,8,1.85506500e-05
arms,vp_isoharden_inverted,pred+ls,2,1,9,7.17648200e-13
arms,vp_isoharden_inverted,pred-ls,2,1,0,9.51627700e+01
arms,vp_isoharden_inverted,pred-ls,2,1,1,9.51492600e+01
arms,vp_isoharden_inverted,pred-ls,2,1,2,9.10802900e+01
arms,vp_isoharden_inverted,pred-ls,2,1,3,9.10786600e+01
arms,vp_isoharden_inverted,pred-ls,2,1,4,8.09256500e+01
arms,vp_isoharden_inverted,pred-ls,2,1,5,4.22250300e+01
arms,vp_isoharden_inverted,pred-ls,2,1,6,5.73708600e+00
arms,vp_isoharden_inverted,pred-ls,2,1,7,7.28443600e-02
arms,vp_isoharden_inverted,pred-ls,2,1,8,1.12023600e-05
arms,vp_isoharden_inverted,pred-ls,2,1,9,2.55943400e-13
arms,vp_isoharden_inverted,nopred+ls,2,1,0,9.51627700e+01
arms,vp_isoharden_inverted,nopred+ls,2,1,1,9.10802900e+01
arms,vp_isoharden_inverted,nopred+ls,2,1,2,9.10789400e+01
arms,vp_isoharden_inverted,nopred+ls,2,1,3,9.05825300e+01
arms,vp_isoharden_inverted,nopred+ls,2,1,4,8.09256500e+01
arms,vp_isoharden_inverted,nopred+ls,2,1,5,4.22250300e+01
arms,vp_isoharden_inverted,nopred+ls,2,1,6,5.73708600e+00
arms,vp_isoharden_inverted,nopred+ls,2,1,7,7.28443600e-02
arms,vp_isoharden_inverted,nopred+ls,2,1,8,1.12023600e-05
arms,vp_isoharden_inverted,nopred+ls,2,1,9,2.55795400e-13
arms,vp_isoharden_inverted,nopred-ls,2,1,0,9.51627700e+01
arms,vp_isoharden_inverted,nopred-ls,2,1,1,9.10802900e+01
arms,vp_isoharden_inverted,nopred-ls,2,1,2,9.10789400e+01
arms,vp_isoharden_inverted,nopred-ls,2,1,3,9.05825300e+01
arms,vp_isoharden_inverted,nopred-ls,2,1,4,8.09256500e+01
arms,vp_isoharden_inverted,nopred-ls,2,1,5,4.22250300e+01
arms,vp_isoharden_inverted,nopred-ls,2,1,6,5.73708600e+00
arms,vp_isoharden_inverted,nopred-ls,2,1,7,7.28443600e-02
arms,vp_isoharden_inverted,nopred-ls,2,1,8,1.12023600e-05
arms,vp_isoharden_inverted,nopred-ls,2,1,9,2.55795400e-13
stiffness,vp_isoharden_inverted,pred-ls,2,1,0,9.51627700e+01
stiffness,vp_isoharden_inverted,pred-ls,2,1,1,9.51492600e+01
stiffness,vp_isoharden_inverted,pred-ls,2,1,2,9.10802900e+01
stiffness,vp_isoharden_inverted,pred-ls,2,1,3,9.10786600e+01
stiffness,vp_isoharden_inverted,pred-ls,2,1,4,8.09256500e+01
stiffness,vp_isoharden_inverted,pred-ls,2,1,5,4.22250300e+01
stiffness,vp_isoharden_inverted,pred-ls,2,1,6,5.73708600e+00
stiffness,vp_isoharden_inverted,pred-ls,2,1,7,7.28443600e-02
stiffness,vp_isoharden_inverted,pred-ls,2,1,8,1.12023600e-05
stiffness,vp_isoharden_inverted,pred-ls,2,1,9,2.55943400e-13
stiffness,vp_isoharden_inverted,pred-ls,4,1,0,9.51628200e+01
stiffness,vp_isoharden_inverted,pred-ls,4,1,1,7.50904800e+04
stiffness,vp_isoharden_inverted,pred-ls,4,1,2,9.10802900e+01
stiffness,vp_isoharden_inverted,pred-ls,4,1,3,9.10557200e+01
stiffness,vp_isoharden_inverted,pred-ls,4,1,4,9.08091100e+01
stiffness,vp_isoharden_inverted,pred-ls,4,1,5,8.93308300e+01
stiffness,vp_isoharden_inverted,pred-ls,4,1,6,7.38496800e+01
stiffness,vp_isoharden_inverted,pred-ls,4,1,7,5.45370900e+01
stiffness,vp_isoharden_inverted,pred-ls,4,1,8,2.69996700e+01
stiffness,vp_isoharden_inverted,pred-ls,4,1,9,4.82570300e+00
stiffness,vp_isoharden_inverted,pred-ls,4,1,10,1.15454300e-01
stiffness,vp_isoharden_inverted,pred-ls,4,1,11,6.23431100e-05
stiffness,vp_isoharden_inverted,pred-ls,4,1,12,1.81330500e-11
stiffness,vp_isoharden_inverted,pred-ls,8,1,0,9.52153000e+01
stiffness,vp_isoharden_inverted,pred-ls,8,1,1,2.76700200e+07
stiffness,vp_isoharden_inverted,pred-ls,8,1,2,9.10802900e+01
stiffness,vp_isoharden_inverted,pred-ls,8,1,3,9.02482400e+01
stiffness,vp_isoharden_inverted,pred-ls,8,1,4,8.91416000e+01
stiffness,vp_isoharden_inverted,pred-ls,8,1,5,8.70217900e+01
stiffness,vp_isoharden_inverted,pred-ls,8,1,6,8.33520500e+01
stiffness,vp_isoharden_inverted,pred-ls,8,1,7,7.74078200e+01
stiffness,vp_isoharden_inverted,pred-ls,8,1,8,6.23346400e+01
stiffness,vp_isoharden_inverted,pred-ls,8,1,9,4.47298000e+01
stiffness,vp_isoharden_inverted,pred-ls,8,1,10,2.93089300e+01
stiffness,vp_isoharden_inverted,pred-ls,8,1,11,1.27264500e+01
stiffness,vp_isoharden_inverted,pred-ls,8,1,12,1.90346300e+00
stiffness,vp_isoharden_inverted,pred-ls,8,1,13,3.40702400e-02
stiffness,vp_isoharden_inverted,pred-ls,8,1,14,1.04943800e-05
stiffness,vp_isoharden_inverted,pred-ls,8,1,15,9.94759800e-13
stiffness,vp_isoharden_inverted,pred-ls,12,1,0,9.56867400e+01
stiffness,vp_isoharden_inverted,pred-ls,12,1,1,1.97489900e+08
stiffness,vp_isoharden_inverted,pred-ls,12,1,2,9.10802900e+01
stiffness,vp_isoharden_inverted,pred-ls,12,1,3,8.74663600e+01
stiffness,vp_isoharden_inverted,pred-ls,12,1,4,8.52812300e+01
stiffness,vp_isoharden_inverted,pred-ls,12,1,5,8.21516600e+01
stiffness,vp_isoharden_inverted,pred-ls,12,1,6,7.78562600e+01
stiffness,vp_isoharden_inverted,pred-ls,12,1,7,7.21989200e+01
stiffness,vp_isoharden_inverted,pred-ls,12,1,8,6.49244900e+01
stiffness,vp_isoharden_inverted,pred-ls,12,1,9,5.24176800e+01
stiffness,vp_isoharden_inverted,pred-ls,12,1,10,3.56608600e+01
stiffness,vp_isoharden_inverted,pred-ls,12,1,11,2.42798900e+01
stiffness,vp_isoharden_inverted,pred-ls,12,1,12,1.25462300e+01
stiffness,vp_isoharden_inverted,pred-ls,12,1,13,3.02757700e+00
stiffness,vp_isoharden_inverted,pred-ls,12,1,14,1.38512200e-01
stiffness,vp_isoharden_inverted,pred-ls,12,1,15,2.66658500e-04
stiffness,vp_isoharden_inverted,pred-ls,12,1,16,9.84329100e-10
stiffness,vp_isoharden_inverted,pred-ls,20,1,0,9.84221000e+01
stiffness,vp_isoharden_inverted,pred-ls,20,1,1,9.50000100e+08
stiffness,vp_isoharden_inverted,pred-ls,20,1,2,9.10802900e+01
stiffness,vp_isoharden_inverted,pred-ls,20,1,3,7.81790700e+01
stiffness,vp_isoharden_inverted,pred-ls,20,1,4,7.46750100e+01
stiffness,vp_isoharden_inverted,pred-ls,20,1,5,7.05127700e+01
stiffness,vp_isoharden_inverted,pred-ls,20,1,6,6.56528700e+01
stiffness,vp_isoharden_inverted,pred-ls,20,1,7,6.00797600e+01
stiffness,vp_isoharden_inverted,pred-ls,20,1,8,5.38080000e+01
stiffness,vp_isoharden_inverted,pred-ls,20,1,9,4.67966500e+01
stiffness,vp_isoharden_inverted,pred-ls,20,1,10,3.71014600e+01
stiffness,vp_isoharden_inverted,pred-ls,20,1,11,2.39850400e+01
stiffness,vp_isoharden_inverted,pred-ls,20,1,12,1.64032800e+01
stiffness,vp_isoharden_inverted,pred-ls,20,1,13,9.13600600e+00
stiffness,vp_isoharden_inverted,pred-ls,20,1,14,2.93645400e+00
stiffness,vp_isoharden_inverted,pred-ls,20,1,15,2.58459300e-01
stiffness,vp_isoharden_inverted,pred-ls,20,1,16,1.80300800e-03
stiffness,vp_isoharden_inverted,pred-ls,20,1,17,8.68200400e-08
stiffness,vp_isoharden_inverted,nopred-ls,2,1,0,9.51627700e+01
stiffness,vp_isoharden_inverted,nopred-ls,2,1,1,9.10802900e+01
stiffness,vp_isoharden_inverted,nopred-ls,2,1,2,9.10789400e+01
stiffness,vp_isoharden_inverted,nopred-ls,2,1,3,9.05825300e+01
stiffness,vp_isoharden_inverted,nopred-ls,2,1,4,8.09256500e+01
stiffness,vp_isoharden_inverted,nopred-ls,2,1,5,4.22250300e+01
stiffness,vp_isoharden_inverted,nopred-ls,2,1,6,5.73708600e+00
stiffness,vp_isoharden_inverted,nopred-ls,2,1,7,7.28443600e-02
stiffness,vp_isoharden_inverted,nopred-ls,2,1,8,1.12023600e-05
stiffness,vp_isoharden_inverted,nopred-ls,2,1,9,2.55795400e-13
stiffness,vp_isoharden_inverted,nopred-ls,4,1,0,9.51627700e+01
stiffness,vp_isoharden_inverted,nopred-ls,4,1,1,9.10802900e+01
stiffness,vp_isoharden_inverted,nopred-ls,4,1,2,9.10557200e+01
stiffness,vp_isoharden_inverted,nopred-ls,4,1,3,9.08091900e+01
stiffness,vp_isoharden_inverted,nopred-ls,4,1,4,8.94397900e+01
stiffness,vp_isoharden_inverted,nopred-ls,4,1,5,8.47676800e+01
stiffness,vp_isoharden_inverted,nopred-ls,4,1,6,7.38496800e+01
stiffness,vp_isoharden_inverted,nopred-ls,4,1,7,5.45370900e+01
stiffness,vp_isoharden_inverted,nopred-ls,4,1,8,2.69996700e+01
stiffness,vp_isoharden_inverted,nopred-ls,4,1,9,4.82570300e+00
stiffness,vp_isoharden_inverted,nopred-ls,4,1,10,1.15454300e-01
stiffness,vp_isoharden_inverted,nopred-ls,4,1,11,6.23431100e-05
stiffness,vp_isoharden_inverted,nopred-ls,4,1,12,1.81330500e-11
stiffness,vp_isoharden_inverted,nopred-ls,8,1,0,9.51631700e+01
stiffness,vp_isoharden_inverted,nopred-ls,8,1,1,9.10802900e+01
stiffness,vp_isoharden_inverted,nopred-ls,8,1,2,9.02482400e+01
stiffness,vp_isoharden_inverted,nopred-ls,8,1,3,8.91416000e+01
stiffness,vp_isoharden_inverted,nopred-ls,8,1,4,8.70218000e+01
stiffness,vp_isoharden_inverted,nopred-ls,8,1,5,8.33539500e+01
stiffness,vp_isoharden_inverted,nopred-ls,8,1,6,7.75718600e+01
stiffness,vp_isoharden_inverted,nopred-ls,8,1,7,6.92250700e+01
stiffness,vp_isoharden_inverted,nopred-ls,8,1,8,5.81755800e+01
stiffness,vp_isoharden_inverted,nopred-ls,8,1,9,4.47298000e+01
stiffness,vp_isoharden_inverted,nopred-ls,8,1,10,2.93089300e+01
stiffness,vp_isoharden_inverted,nopred-ls,8,1,11,1.27264500e+01
stiffness,vp_isoharden_inverted,nopred-ls,8,1,12,1.90346300e+00
stiffness,vp_isoharden_inverted,nopred-ls,8,1,13,3.40702400e-02
stiffness,vp_isoharden_inverted,nopred-ls,8,1,14,1.04943800e-05
stiffness,vp_isoharden_inverted,nopred-ls,8,1,15,9.94759800e-13
stiffness,vp_isoharden_inverted,nopred-ls,12,1,0,9.51832600e+01
stiffness,vp_isoharden_inverted,nopred-ls,12,1,1,9.10802900e+01
stiffness,vp_isoharden_inverted,nopred-ls,12,1,2,8.74663600e+01
stiffness,vp_isoharden_inverted,nopred-ls,12,1,3,8.52812300e+01
stiffness,vp_isoharden_inverted,nopred-ls,12,1,4,8.21516600e+01
stiffness,vp_isoharden_inverted,nopred-ls,12,1,5,7.78563100e+01
stiffness,vp_isoharden_inverted,nopred-ls,12,1,6,7.22019500e+01
stiffness,vp_isoharden_inverted,nopred-ls,12,1,7,6.50652500e+01
stiffness,vp_isoharden_inverted,nopred-ls,12,1,8,5.64447300e+01
stiffness,vp_isoharden_inverted,nopred-ls,12,1,9,4.65172100e+01
stiffness,vp_isoharden_inverted,nopred-ls,12,1,10,3.56608600e+01
stiffness,vp_isoharden_inverted,nopred-ls,12,1,11,2.42798900e+01
stiffness,vp_isoharden_inverted,nopred-ls,12,1,12,1.25462300e+01
stiffness,vp_isoharden_inverted,nopred-ls,12,1,13,3.02757700e+00
stiffness,vp_isoharden_inverted,nopred-ls,12,1,14,1.38512200e-01
stiffness,vp_isoharden_inverted,nopred-ls,12,1,15,2.66658500e-04
stiffness,vp_isoharden_inverted,nopred-ls,12,1,16,9.84314900e-10
stiffness,vp_isoharden_inverted,nopred-ls,20,1,0,9.56357800e+01
stiffness,vp_isoharden_inverted,nopred-ls,20,1,1,9.10802900e+01
stiffness,vp_isoharden_inverted,nopred-ls,20,1,2,7.81790700e+01
stiffness,vp_isoharden_inverted,nopred-ls,20,1,3,7.46750100e+01
stiffness,vp_isoharden_inverted,nopred-ls,20,1,4,7.05127700e+01
stiffness,vp_isoharden_inverted,nopred-ls,20,1,5,6.56528800e+01
stiffness,vp_isoharden_inverted,nopred-ls,20,1,6,6.00798600e+01
stiffness,vp_isoharden_inverted,nopred-ls,20,1,7,5.38119200e+01
stiffness,vp_isoharden_inverted,nopred-ls,20,1,8,4.69122500e+01
stiffness,vp_isoharden_inverted,nopred-ls,20,1,9,3.95018200e+01
stiffness,vp_isoharden_inverted,nopred-ls,20,1,10,3.17720400e+01
stiffness,vp_isoharden_inverted,nopred-ls,20,1,11,2.39850400e+01
stiffness,vp_isoharden_inverted,nopred-ls,20,1,12,1.64032800e+01
stiffness,vp_isoharden_inverted,nopred-ls,20,1,13,9.13600600e+00
stiffness,vp_isoharden_inverted,nopred-ls,20,1,14,2.93645400e+00
stiffness,vp_isoharden_inverted,nopred-ls,20,1,15,2.58459300e-01
stiffness,vp_isoharden_inverted,nopred-ls,20,1,16,1.80300800e-03
stiffness,vp_isoharden_inverted,nopred-ls,20,1,17,8.68200200e-08
stepsize,vp_isoharden_inverted,pred+ls,2,1,0,9.51627700e+01
stepsize,vp_isoharden_inverted,pred+ls,2,1,1,9.51492600e+01
stepsize,vp_isoharden_inverted,pred+ls,2,1,2,9.10802900e+01
stepsize,vp_isoharden_inverted,pred+ls,2,1,3,9.10786600e+01
stepsize,vp_isoharden_inverted,pred+ls,2,1,4,8.57226200e+01
stepsize,vp_isoharden_inverted,pred+ls,2,1,5,4.43102800e+01
stepsize,vp_isoharden_inverted,pred+ls,2,1,6,6.48696100e+00
stepsize,vp_isoharden_inverted,pred+ls,2,1,7,9.37311200e-02
stepsize,vp_isoharden_inverted,pred+ls,2,1,8,1.85506500e-05
stepsize,vp_isoharden_inverted,pred+ls,2,1,9,7.17648200e-13
stepsize,vp_isoharden_inverted,pred+ls,2,2,0,1.90325500e+02
stepsize,vp_isoharden_inverted,pred+ls,2,2,1,1.90311500e+02
stepsize,vp_isoharden_inverted,pred+ls,2,2,2,1.86243100e+02
stepsize,vp_isoharden_inverted,pred+ls,2,2,3,1.86240000e+02
stepsize,vp_isoharden_inverted,pred+ls,2,2,4,1.77109100e+02
stepsize,vp_isoharden_inverted,pred+ls,2,2,5,1.00805400e+02
stepsize,vp_isoharden_inverted,pred+ls,2,2,6,9.54519300e+00
stepsize,vp_isoharden_inverted,pred+ls,2,2,7,4.61707600e-02
stepsize,vp_isoharden_inverted,pred+ls,2,2,8,1.02963300e-06
stepsize,vp_isoharden_inverted,pred+ls,2,5,0,4.75813900e+02
stepsize,vp_isoharden_inverted,pred+ls,2,5,1,4.75799600e+02
stepsize,vp_isoharden_inverted,pred+ls,2,5,2,4.71731400e+02
stepsize,vp_isoharden_inverted,pred+ls,2,5,3,4.71721200e+02
stepsize,vp_isoharden_inverted,pred+ls,2,5,4,4.40787700e+02
stepsize,vp_isoharden_inverted,pred+ls,2,5,5,1.17120500e+02
stepsize,vp_isoharden_inverted,pred+ls,2,5,6,1.23466900e+00
stepsize,vp_isoharden_inverted,pred+ls,2,5,7,1.04371200e-04
stepsize,vp_isoharden_inverted,pred+ls,2,5,8,7.40806800e-13
stepsize,vp_isoharden_inverted,pred+ls,2,10,0,9.51627700e+02
stepsize,vp_isoharden_inverted,pred+ls,2,10,1,9.51613700e+02
stepsize,vp_isoharden_inverted,pred+ls,2,10,2,9.47545200e+02
stepsize,vp_isoharden_inverted,pred+ls,2,10,3,9.47512200e+02
stepsize,vp_isoharden_inverted,pred+ls,2,10,4,8.33410400e+02
stepsize,vp_isoharden_inverted,pred+ls,2,10,5,7.01096800e+01
stepsize,vp_isoharden_inverted,pred+ls,2,10,6,8.57660900e-02
stepsize,vp_isoharden_inverted,pred+ls,2,10,7,1.18938000e-07
stepsize,vp_isoharden_inverted,pred+ls,2,20,0,1.90325500e+03
stepsize,vp_isoharden_inverted,pred+ls,2,20,1,1.90324200e+03
stepsize,vp_isoharden_inverted,pred+ls,2,20,2,1.89917300e+03
stepsize,vp_isoharden_inverted,pred+ls,2,20,3,1.89905200e+03
stepsize,vp_isoharden_inverted,pred+ls,2,20,4,1.38630700e+03
stepsize,vp_isoharden_inverted,pred+ls,2,20,5,2.50878200e+01
stepsize,vp_isoharden_inverted,pred+ls,2,20,6,2.50250100e-03
stepsize,vp_isoharden_inverted,pred+ls,2,20,7,2.45848300e-11
stepsize,vp_isoharden_inverted,pred-ls,2,1,0,9.51627700e+01
stepsize,vp_isoharden_inverted,pred-ls,2,1,1,9.51492600e+01
stepsize,vp_isoharden_inverted,pred-ls,2,1,2,9.10802900e+01
stepsize,vp_isoharden_inverted,pred-ls,2,1,3,9.10786600e+01
stepsize,vp_isoharden_inverted,pred-ls,2,1,4,8.09256500e+01
stepsize,vp_isoharden_inverted,pred-ls,2,1,5,4.22250300e+01
stepsize,vp_isoharden_inverted,pred-ls,2,1,6,5.73708600e+00
stepsize,vp_isoharden_inverted,pred-ls,2,1,7,7.28443600e-02
stepsize,vp_isoharden_inverted,pred-ls,2,1,8,1.12023600e-05
stepsize,vp_isoharden_inverted,pred-ls,2,1,9,2.55943400e-13
stepsize,vp_isoharden_inverted,pred-ls,2,2,0,1.90325500e+02
stepsize,vp_isoharden_inverted,pred-ls,2,2,1,1.90311500e+02
stepsize,vp_isoharden_inverted,pred-ls,2,2,2,1.86243100e+02
stepsize,vp_isoharden_inverted,pred-ls,2,2,3,1.86240000e+02
stepsize,vp_isoharden_inverted,pred-ls,2,2,4,1.63912400e+02
stepsize,vp_isoharden_inverted,pred-ls,2,2,5,5.99647800e+01
stepsize,vp_isoharden_inverted,pred-ls,2,2,6,2.45236800e+00
stepsize,vp_isoharden_inverted,pred-ls,2,2,7,2.93979300e-03
stepsize,vp_isoharden_inverted,pred-ls,2,2,8,4.17334400e-09
stepsize,vp_isoharden_inverted,pred-ls,2,5,0,4.75813900e+02
stepsize,vp_isoharden_inverted,pred-ls,2,5,1,4.75799600e+02
stepsize,vp_isoharden_inverted,pred-ls,2,5,2,4.71731400e+02
stepsize,vp_isoharden_inverted,pred-ls,2,5,3,4.71721200e+02
stepsize,vp_isoharden_inverted,pred-ls,2,5,4,3.78701400e+02
stepsize,vp_isoharden_inverted,pred-ls,2,5,5,4.06451000e+01
stepsize,vp_isoharden_inverted,pred-ls,2,5,6,1.23238600e-01
stepsize,vp_isoharden_inverted,pred-ls,2,5,7,1.03743800e-06
stepsize,vp_isoharden_inverted,pred-ls,2,10,0,9.51627700e+02
stepsize,vp_isoharden_inverted,pred-ls,2,10,1,9.51613700e+02
stepsize,vp_isoharden_inverted,pred-ls,2,10,2,9.47545200e+02
stepsize,vp_isoharden_inverted,pred-ls,2,10,3,9.47512200e+02
stepsize,vp_isoharden_inverted,pred-ls,2,10,4,5.92685900e+02
stepsize,vp_isoharden_inverted,pred-ls,2,10,5,1.42194800e+01
stepsize,vp_isoharden_inverted,pred-ls,2,10,6,3.31860600e-03
stepsize,vp_isoharden_inverted,pred-ls,2,10,7,1.78076600e-10
stepsize,vp_isoharden_inverted,pred-ls,2,20,0,1.90325500e+03
stepsize,vp_isoharden_inverted,pred-ls,2,20,1,1.90324200e+03
stepsize,vp_isoharden_inverted,pred-ls,2,20,2,1.89917300e+03
stepsize,vp_isoharden_inverted,pred-ls,2,20,3,1.89905200e+03
stepsize,vp_isoharden_inverted,pred-ls,2,20,4,6.71115900e+02
stepsize,vp_isoharden_inverted,pred-ls,2,20,5,2.69954700e+00
stepsize,vp_isoharden_inverted,pred-ls,2,20,6,2.86340000e-05
stepsize,vp_isoharden_inverted,pred-ls,2,20,7,5.13438000e-13
stepsize,vp_isoharden_inverted,nopred+ls,2,1,0,9.51627700e+01
stepsize,vp_isoharden_inverted,nopred+ls,2,1,1,9.10802900e+01
stepsize,vp_isoharden_inverted,nopred+ls,2,1,2,9.10789400e+01
stepsize,vp_isoharden_inverted,nopred+ls,2,1,3,9.05825300e+01
stepsize,vp_isoharden_inverted,nopred+ls,2,1,4,8.09256500e+01
stepsize,vp_isoharden_inverted,nopred+ls,2,1,5,4.22250300e+01
stepsize,vp_isoharden_inverted,nopred+ls,2,1,6,5.73708600e+00
stepsize,vp_isoharden_inverted,nopred+ls,2,1,7,7.28443600e-02
stepsize,vp_isoharden_inverted,nopred+ls,2,1,8,1.12023600e-05
stepsize,vp_isoharden_inverted,nopred+ls,2,1,9,2.55795400e-13
stepsize,vp_isoharden_inverted,nopred+ls,2,2,0,1.90325500e+02
stepsize,vp_isoharden_inverted,nopred+ls,2,2,1,1.86243100e+02
stepsize,vp_isoharden_inverted,nopred+ls,2,2,2,1.86241100e+02
stepsize,vp_isoharden_inverted,nopred+ls,2,2,3,1.85383900e+02
stepsize,vp_isoharden_inverted,nopred+ls,2,2,4,1.63912400e+02
stepsize,vp_isoharden_inverted,nopred+ls,2,2,5,5.99647800e+01
stepsize,vp_isoharden_inverted,nopred+ls,2,2,6,2.45236800e+00
stepsize,vp_isoharden_inverted,nopred+ls,2,2,7,2.93979300e-03
stepsize,vp_isoharden_inverted,nopred+ls,2,2,8,4.17334400e-09
stepsize,vp_isoharden_inverted,nopred+ls,2,5,0,4.75813900e+02
stepsize,vp_isoharden_inverted,nopred+ls,2,5,1,4.71731400e+02
stepsize,vp_isoharden_inverted,nopred+ls,2,5,2,4.71728300e+02
stepsize,vp_isoharden_inverted,nopred+ls,2,5,3,4.69915700e+02
stepsize,vp_isoharden_inverted,nopred+ls,2,5,4,3.78701400e+02
stepsize,vp_isoharden_inverted,nopred+ls,2,5,5,4.06451000e+01
stepsize,vp_isoharden_inverted,nopred+ls,2,5,6,1.23238600e-01
stepsize,vp_isoharden_inverted,nopred+ls,2,5,7,1.03743800e-06
stepsize,vp_isoharden_inverted,nopred+ls,2,10,0,9.51627700e+02
stepsize,vp_isoharden_inverted,nopred+ls,2,10,1,9.47545200e+02
stepsize,vp_isoharden_inverted,nopred+ls,2,10,2,9.47540900e+02
stepsize,vp_isoharden_inverted,nopred+ls,2,10,3,9.44027800e+02
stepsize,vp_isoharden_inverted,nopred+ls,2,10,4,5.92685900e+02
stepsize,vp_isoharden_inverted,nopred+ls,2,10,5,1.42194800e+01
stepsize,vp_isoharden_inverted,nopred+ls,2,10,6,3.31860600e-03
stepsize,vp_isoharden_inverted,nopred+ls,2,10,7,1.78062500e-10
stepsize,vp_isoharden_inverted,nopred+ls,2,20,0,1.90325500e+03
stepsize,vp_isoharden_inverted,nopred+ls,2,20,1,1.89917300e+03
stepsize,vp_isoharden_inverted,nopred+ls,2,20,2,1.89916700e+03
stepsize,vp_isoharden_inverted,nopred+ls,2,20,3,1.89067700e+03
stepsize,vp_isoharden_inverted,nopred+ls,2,20,4,6.71115900e+02
stepsize,vp_isoharden_inverted,nopred+ls,2,20,5,2.69954700e+00
stepsize,vp_isoharden_inverted,nopred+ls,2,20,6,2.86340000e-05
stepsize,vp_isoharden_inverted,nopred+ls,2,20,7,8.65883400e-13
stepsize,vp_isoharden_inverted,nopred-ls,2,1,0,9.51627700e+01
stepsize,vp_isoharden_inverted,nopred-ls,2,1,1,9.10802900e+01
stepsize,vp_isoharden_inverted,nopred-ls,2,1,2,9.10789400e+01
stepsize,vp_isoharden_inverted,nopred-ls,2,1,3,9.05825300e+01
stepsize,vp_isoharden_inverted,nopred-ls,2,1,4,8.09256500e+01
stepsize,vp_isoharden_inverted,nopred-ls,2,1,5,4.22250300e+01
stepsize,vp_isoharden_inverted,nopred-ls,2,1,6,5.73708600e+00
stepsize,vp_isoharden_inverted,nopred-ls,2,1,7,7.28443600e-02
stepsize,vp_isoharden_inverted,nopred-ls,2,1,8,1.12023600e-05
stepsize,vp_isoharden_inverted,nopred-ls,2,1,9,2.55795400e-13
stepsize,vp_isoharden_inverted,nopred-ls,2,2,0,1.90325500e+02
stepsize,vp_isoharden_inverted,nopred-ls,2,2,1,1.86243100e+02
stepsize,vp_isoharden_inverted,nopred-ls,2,2,2,1.86241100e+02
stepsize,vp_isoharden_inverted,nopred-ls,2,2,3,1.85383900e+02
stepsize,vp_isoharden_inverted,nopred-ls,2,2,4,1.63912400e+02
stepsize,vp_isoharden_inverted,nopred-ls,2,2,5,5.99647800e+01
stepsize,vp_isoharden_inverted,nopred-ls,2,2,6,2.45236800e+00
stepsize,vp_isoharden_inverted,nopred-ls,2,2,7,2.93979300e-03
stepsize,vp_isoharden_inverted,nopred-ls,2,2,8,4.17334400e-09
stepsize,vp_isoharden_inverted,nopred-ls,2,5,0,4.75813900e+02
stepsize,vp_isoharden_inverted,nopred-ls,2,5,1,4.71731400e+02
stepsize,vp_isoharden_inverted,nopred-ls,2,5,2,4.71728300e+02
stepsize,vp_isoharden_inverted,nopred-ls,2,5,3,4.69915700e+02
stepsize,vp_isoharden_inverted,nopred-ls,2,5,4,3.78701400e+02
stepsize,vp_isoharden_inverted,nopred-ls,2,5,5,4.06451000e+01
stepsize,vp_isoharden_inverted,nopred-ls,2,5,6,1.23238600e-01
stepsize,vp_isoharden_inverted,nopred-ls,2,5,7,1.03743800e-06
stepsize,vp_isoharden_inverted,nopred-ls,2,10,0,9.51627700e+02
stepsize,vp_isoharden_inverted,nopred-ls,2,10,1,9.47545200e+02
stepsize,vp_isoharden_inverted,nopred-ls,2,10,2,9.47540900e+02
stepsize,vp_isoharden_inverted,nopred-ls,2,10,3,9.44027800e+02
stepsize,vp_isoharden_inverted,nopred-ls,2,10,4,5.92685900e+02
stepsize,vp_isoharden_inverted,nopred-ls,2,10,5,1.42194800e+01
stepsize,vp_isoharden_inverted,nopred-ls,2,10,6,3.31860600e-03
stepsize,vp_isoharden_inverted,nopred-ls,2,10,7,1.78062500e-10
stepsize,vp_isoharden_inverted,nopred-ls,2,20,0,1.90325500e+03
stepsize,vp_isoharden_inverted,nopred-ls,2,20,1,1.89917300e+03
stepsize,vp_isoharden_inverted,nopred-ls,2,20,2,1.89916700e+03
stepsize,vp_isoharden_inverted,nopred-ls,2,20,3,1.89067700e+03
stepsize,vp_isoharden_inverted,nopred-ls,2,20,4,6.71115900e+02
stepsize,vp_isoharden_inverted,nopred-ls,2,20,5,2.69954700e+00
stepsize,vp_isoharden_inverted,nopred-ls,2,20,6,2.86340000e-05
stepsize,vp_isoharden_inverted,nopred-ls,2,20,7,8.65883400e-13
arms,vp_chaboche,pred+ls,2,1,0,9.51627700e+01
arms,vp_chaboche,pred+ls,2,1,1,4.76000500e+05
arms,vp_chaboche,pred+ls,2,1,2,1.18980700e+05
arms,vp_chaboche,pred+ls,2,1,3,2.97227600e+04
arms,vp_chaboche,pred+ls,2,1,4,7.40845800e+03
arms,vp_chaboche,pred+ls,2,1,5,1.83044200e+03
arms,vp_chaboche,pred+ls,2,1,6,4.37337500e+02
arms,vp_chaboche,pred+ls,2,1,7,9.21260800e+01
arms,vp_chaboche,pred+ls,2,1,8,1.22354600e+01
arms,vp_chaboche,pred+ls,2,1,9,3.94940100e-01
arms,vp_chaboche,pred+ls,2,1,10,4.65288300e-04
arms,vp_chaboche,pred+ls,2,1,11,6.51602800e-10
arms,vp_chaboche,pred-ls,2,1,0,9.51627700e+01
arms,vp_chaboche,pred-ls,2,1,1,6.47010500e+07
arms,vp_chaboche,pred-ls,2,1,2,1.61752500e+07
arms,vp_chaboche,pred-ls,2,1,3,4.04379100e+06
arms,vp_chaboche,pred-ls,2,1,4,1.01092500e+06
arms,vp_chaboche,pred-ls,2,1,5,2.52708900e+05
arms,vp_chaboche,pred-ls,2,1,6,6.31547700e+04
arms,vp_chaboche,pred-ls,2,1,7,1.57663300e+04
arms,vp_chaboche,pred-ls,2,1,8,3.91954100e+03
arms,vp_chaboche,pred-ls,2,1,9,9.58705900e+02
arms,vp_chaboche,pred-ls,2,1,10,2.20530100e+02
arms,vp_chaboche,pred-ls,2,1,11,4.03061300e+01
arms,vp_chaboche,pred-ls,2,1,12,3.32552600e+00
arms,vp_chaboche,pred-ls,2,1,13,3.20215400e-02
arms,vp_chaboche,pred-ls,2,1,14,3.06436200e-06
arms,vp_chaboche,pred-ls,2,1,15,4.12676300e-12
arms,vp_chaboche,nopred+ls,2,1,0,9.51627700e+01
arms,vp_chaboche,nopred+ls,2,1,1,4.76000500e+05
arms,vp_chaboche,nopred+ls,2,1,2,1.18980700e+05
arms,vp_chaboche,nopred+ls,2,1,3,2.97227600e+04
arms,vp_chaboche,nopred+ls,2,1,4,7.40845800e+03
arms,vp_chaboche,nopred+ls,2,1,5,1.83044200e+03
arms,vp_chaboche,nopred+ls,2,1,6,4.37337500e+02
arms,vp_chaboche,nopred+ls,2,1,7,9.21260800e+01
arms,vp_chaboche,nopred+ls,2,1,8,1.22354600e+01
arms,vp_chaboche,nopred+ls,2,1,9,3.94940100e-01
arms,vp_chaboche,nopred+ls,2,1,10,4.65288300e-04
arms,vp_chaboche,nopred+ls,2,1,11,6.51602800e-10
arms,vp_chaboche,nopred-ls,2,1,0,9.51627700e+01
arms,vp_chaboche,nopred-ls,2,1,1,6.47010500e+07
arms,vp_chaboche,nopred-ls,2,1,2,1.61752500e+07
arms,vp_chaboche,nopred-ls,2,1,3,4.04379100e+06
arms,vp_chaboche,nopred-ls,2,1,4,1.01092500e+06
arms,vp_chaboche,nopred-ls,2,1,5,2.52708900e+05
arms,vp_chaboche,nopred-ls,2,1,6,6.31547700e+04
arms,vp_chaboche,nopred-ls,2,1,7,1.57663300e+04
arms,vp_chaboche,nopred-ls,2,1,8,3.91954100e+03
arms,vp_chaboche,nopred-ls,2,1,9,9.58705900e+02
arms,vp_chaboche,nopred-ls,2,1,10,2.20530100e+02
arms,vp_chaboche,nopred-ls,2,1,11,4.03061300e+01
arms,vp_chaboche,nopred-ls,2,1,12,3.32552600e+00
arms,vp_chaboche,nopred-ls,2,1,13,3.20215400e-02
arms,vp_chaboche,nopred-ls,2,1,14,3.06436200e-06
arms,vp_chaboche,nopred-ls,2,1,15,4.12676300e-12
stiffness,vp_chaboche,pred-ls,2,1,0,9.51627700e+01
stiffness,vp_chaboche,pred-ls,2,1,1,6.47010500e+07
stiffness,vp_chaboche,pred-ls,2,1,2,1.61752500e+07
stiffness,vp_chaboche,pred-ls,2,1,3,4.04379100e+06
stiffness,vp_chaboche,pred-ls,2,1,4,1.01092500e+06
stiffness,vp_chaboche,pred-ls,2,1,5,2.52708900e+05
stiffness,vp_chaboche,pred-ls,2,1,6,6.31547700e+04
stiffness,vp_chaboche,pred-ls,2,1,7,1.57663300e+04
stiffness,vp_chaboche,pred-ls,2,1,8,3.91954100e+03
stiffness,vp_chaboche,pred-ls,2,1,9,9.58705900e+02
stiffness,vp_chaboche,pred-ls,2,1,10,2.20530100e+02
stiffness,vp_chaboche,pred-ls,2,1,11,4.03061300e+01
stiffness,vp_chaboche,pred-ls,2,1,12,3.32552600e+00
stiffness,vp_chaboche,pred-ls,2,1,13,3.20215400e-02
stiffness,vp_chaboche,pred-ls,2,1,14,3.06436200e-06
stiffness,vp_chaboche,pred-ls,2,1,15,4.12676300e-12
stiffness,vp_chaboche,pred-ls,4,1,0,9.51627700e+01
stiffness,vp_chaboche,pred-ls,4,1,1,5.36735300e+07
stiffness,vp_chaboche,pred-ls,4,1,2,1.69826300e+07
stiffness,vp_chaboche,pred-ls,4,1,3,5.37339600e+06
stiffness,vp_chaboche,pred-ls,4,1,4,1.70015800e+06
stiffness,vp_chaboche,pred-ls,4,1,5,5.37921600e+05
stiffness,vp_chaboche,pred-ls,4,1,6,1.70181500e+05
stiffness,vp_chaboche,pred-ls,4,1,7,5.38253900e+04
stiffness,vp_chaboche,pred-ls,4,1,8,1.70090700e+04
stiffness,vp_chaboche,pred-ls,4,1,9,5.35995300e+03
stiffness,vp_chaboche,pred-ls,4,1,10,1.67435900e+03
stiffness,vp_chaboche,pred-ls,4,1,11,5.09190300e+02
stiffness,vp_chaboche,pred-ls,4,1,12,1.42545700e+02
stiffness,vp_chaboche,pred-ls,4,1,13,3.07039600e+01
stiffness,vp_chaboche,pred-ls,4,1,14,3.00958700e+00
stiffness,vp_chaboche,pred-ls,4,1,15,3.96237600e-02
stiffness,vp_chaboche,pred-ls,4,1,16,7.13970600e-06
stiffness,vp_chaboche,pred-ls,4,1,17,2.92775700e-13
stiffness,vp_chaboche,pred-ls,8,1,0,9.51627700e+01
stiffness,vp_chaboche,pred-ls,8,1,1,3.69366700e+07
stiffness,vp_chaboche,pred-ls,8,1,2,1.26917600e+07
stiffness,vp_chaboche,pred-ls,8,1,3,4.36099500e+06
stiffness,vp_chaboche,pred-ls,8,1,4,1.49846600e+06
stiffness,vp_chaboche,pred-ls,8,1,5,5.14873800e+05
stiffness,vp_chaboche,pred-ls,8,1,6,1.76901300e+05
stiffness,vp_chaboche,pred-ls,8,1,7,6.07697500e+04
stiffness,vp_chaboche,pred-ls,8,1,8,2.08648800e+04
stiffness,vp_chaboche,pred-ls,8,1,9,7.15242000e+03
stiffness,vp_chaboche,pred-ls,8,1,10,2.44023100e+03
stiffness,vp_chaboche,pred-ls,8,1,11,8.21090200e+02
stiffness,vp_chaboche,pred-ls,8,1,12,2.65400200e+02
stiffness,vp_chaboche,pred-ls,8,1,13,7.61133600e+01
stiffness,vp_chaboche,pred-ls,8,1,14,1.52565900e+01
stiffness,vp_chaboche,pred-ls,8,1,15,1.12556800e+00
stiffness,vp_chaboche,pred-ls,8,1,16,7.57590300e-03
stiffness,vp_chaboche,pred-ls,8,1,17,3.49571500e-07
stiffness,vp_chaboche,pred-ls,12,1,0,9.51627700e+01
stiffness,vp_chaboche,pred-ls,12,1,1,2.54188200e+07
stiffness,vp_chaboche,pred-ls,12,1,2,8.94730900e+06
stiffness,vp_chaboche,pred-ls,12,1,3,3.14940700e+06
stiffness,vp_chaboche,pred-ls,12,1,4,1.10857000e+06
stiffness,vp_chaboche,pred-ls,12,1,5,3.90202700e+05
stiffness,vp_chaboche,pred-ls,12,1,6,1.37339400e+05
stiffness,vp_chaboche,pred-ls,12,1,7,4.83314400e+04
stiffness,vp_chaboche,pred-ls,12,1,8,1.70000600e+04
stiffness,vp_chaboche,pred-ls,12,1,9,5.97073700e+03
stiffness,vp_chaboche,pred-ls,12,1,10,2.08790100e+03
stiffness,vp_chaboche,pred-ls,12,1,11,7.20961000e+02
stiffness,vp_chaboche,pred-ls,12,1,12,2.40075100e+02
stiffness,vp_chaboche,pred-ls,12,1,13,7.18086100e+01
stiffness,vp_chaboche,pred-ls,12,1,14,1.56320300e+01
stiffness,vp_chaboche,pred-ls,12,1,15,1.40268200e+00
stiffness,vp_chaboche,pred-ls,12,1,16,1.45395600e-02
stiffness,vp_chaboche,pred-ls,12,1,17,1.60661600e-06
stiffness,vp_chaboche,pred-ls,12,1,18,9.61233500e-14
stiffness,vp_chaboche,pred-ls,20,1,0,9.51627700e+01
stiffness,vp_chaboche,pred-ls,20,1,1,1.20378900e+07
stiffness,vp_chaboche,pred-ls,20,1,2,4.31541300e+06
stiffness,vp_chaboche,pred-ls,20,1,3,1.54701100e+06
stiffness,vp_chaboche,pred-ls,20,1,4,5.54576800e+05
stiffness,vp_chaboche,pred-ls,20,1,5,1.98802200e+05
stiffness,vp_chaboche,pred-ls,20,1,6,7.12610500e+04
stiffness,vp_chaboche,pred-ls,20,1,7,2.55385200e+04
stiffness,vp_chaboche,pred-ls,20,1,8,9.14688100e+03
stiffness,vp_chaboche,pred-ls,20,1,9,3.27007300e+03
stiffness,vp_chaboche,pred-ls,20,1,10,1.16286500e+03
stiffness,vp_chaboche,pred-ls,20,1,11,4.07252700e+02
stiffness,vp_chaboche,pred-ls,20,1,12,1.36427300e+02
stiffness,vp_chaboche,pred-ls,20,1,13,4.00529200e+01
stiffness,vp_chaboche,pred-ls,20,1,14,8.01516700e+00
stiffness,vp_chaboche,pred-ls,20,1,15,5.66139300e-01
stiffness,vp_chaboche,pred-ls,20,1,16,3.42468600e-03
stiffness,vp_chaboche,pred-ls,20,1,17,1.27342900e-07
stiffness,vp_chaboche,nopred-ls,2,1,0,9.51627700e+01
stiffness,vp_chaboche,nopred-ls,2,1,1,6.47010500e+07
stiffness,vp_chaboche,nopred-ls,2,1,2,1.61752500e+07
stiffness,vp_chaboche,nopred-ls,2,1,3,4.04379100e+06
stiffness,vp_chaboche,nopred-ls,2,1,4,1.01092500e+06
stiffness,vp_chaboche,nopred-ls,2,1,5,2.52708900e+05
stiffness,vp_chaboche,nopred-ls,2,1,6,6.31547700e+04
stiffness,vp_chaboche,nopred-ls,2,1,7,1.57663300e+04
stiffness,vp_chaboche,nopred-ls,2,1,8,3.91954100e+03
stiffness,vp_chaboche,nopred-ls,2,1,9,9.58705900e+02
stiffness,vp_chaboche,nopred-ls,2,1,10,2.20530100e+02
stiffness,vp_chaboche,nopred-ls,2,1,11,4.03061300e+01
stiffness,vp_chaboche,nopred-ls,2,1,12,3.32552600e+00
stiffness,vp_chaboche,nopred-ls,2,1,13,3.20215400e-02
stiffness,vp_chaboche,nopred-ls,2,1,14,3.06436200e-06
stiffness,vp_chaboche,nopred-ls,2,1,15,4.12676300e-12
stiffness,vp_chaboche,nopred-ls,4,1,0,9.51627700e+01
stiffness,vp_chaboche,nopred-ls,4,1,1,5.36735300e+07
stiffness,vp_chaboche,nopred-ls,4,1,2,1.69826300e+07
stiffness,vp_chaboche,nopred-ls,4,1,3,5.37339600e+06
stiffness,vp_chaboche,nopred-ls,4,1,4,1.70015800e+06
stiffness,vp_chaboche,nopred-ls,4,1,5,5.37921600e+05
stiffness,vp_chaboche,nopred-ls,4,1,6,1.70181500e+05
stiffness,vp_chaboche,nopred-ls,4,1,7,5.38253900e+04
stiffness,vp_chaboche,nopred-ls,4,1,8,1.70090700e+04
stiffness,vp_chaboche,nopred-ls,4,1,9,5.35995300e+03
stiffness,vp_chaboche,nopred-ls,4,1,10,1.67435900e+03
stiffness,vp_chaboche,nopred-ls,4,1,11,5.09190300e+02
stiffness,vp_chaboche,nopred-ls,4,1,12,1.42545700e+02
stiffness,vp_chaboche,nopred-ls,4,1,13,3.07039600e+01
stiffness,vp_chaboche,nopred-ls,4,1,14,3.00958700e+00
stiffness,vp_chaboche,nopred-ls,4,1,15,3.96237600e-02
stiffness,vp_chaboche,nopred-ls,4,1,16,7.13970600e-06
stiffness,vp_chaboche,nopred-ls,4,1,17,2.92775700e-13
stiffness,vp_chaboche,nopred-ls,8,1,0,9.51627700e+01
stiffness,vp_chaboche,nopred-ls,8,1,1,3.69366700e+07
stiffness,vp_chaboche,nopred-ls,8,1,2,1.26917600e+07
stiffness,vp_chaboche,nopred-ls,8,1,3,4.36099500e+06
stiffness,vp_chaboche,nopred-ls,8,1,4,1.49846600e+06
stiffness,vp_chaboche,nopred-ls,8,1,5,5.14873800e+05
stiffness,vp_chaboche,nopred-ls,8,1,6,1.76901300e+05
stiffness,vp_chaboche,nopred-ls,8,1,7,6.07697500e+04
stiffness,vp_chaboche,nopred-ls,8,1,8,2.08648800e+04
stiffness,vp_chaboche,nopred-ls,8,1,9,7.15242000e+03
stiffness,vp_chaboche,nopred-ls,8,1,10,2.44023100e+03
stiffness,vp_chaboche,nopred-ls,8,1,11,8.21090200e+02
stiffness,vp_chaboche,nopred-ls,8,1,12,2.65400200e+02
stiffness,vp_chaboche,nopred-ls,8,1,13,7.61133600e+01
stiffness,vp_chaboche,nopred-ls,8,1,14,1.52565900e+01
stiffness,vp_chaboche,nopred-ls,8,1,15,1.12556800e+00
stiffness,vp_chaboche,nopred-ls,8,1,16,7.57590300e-03
stiffness,vp_chaboche,nopred-ls,8,1,17,3.49571500e-07
stiffness,vp_chaboche,nopred-ls,12,1,0,9.51627700e+01
stiffness,vp_chaboche,nopred-ls,12,1,1,2.54188200e+07
stiffness,vp_chaboche,nopred-ls,12,1,2,8.94730900e+06
stiffness,vp_chaboche,nopred-ls,12,1,3,3.14940700e+06
stiffness,vp_chaboche,nopred-ls,12,1,4,1.10857000e+06
stiffness,vp_chaboche,nopred-ls,12,1,5,3.90202700e+05
stiffness,vp_chaboche,nopred-ls,12,1,6,1.37339400e+05
stiffness,vp_chaboche,nopred-ls,12,1,7,4.83314400e+04
stiffness,vp_chaboche,nopred-ls,12,1,8,1.70000600e+04
stiffness,vp_chaboche,nopred-ls,12,1,9,5.97073700e+03
stiffness,vp_chaboche,nopred-ls,12,1,10,2.08790100e+03
stiffness,vp_chaboche,nopred-ls,12,1,11,7.20961000e+02
stiffness,vp_chaboche,nopred-ls,12,1,12,2.40075100e+02
stiffness,vp_chaboche,nopred-ls,12,1,13,7.18086100e+01
stiffness,vp_chaboche,nopred-ls,12,1,14,1.56320300e+01
stiffness,vp_chaboche,nopred-ls,12,1,15,1.40268200e+00
stiffness,vp_chaboche,nopred-ls,12,1,16,1.45395600e-02
stiffness,vp_chaboche,nopred-ls,12,1,17,1.60661600e-06
stiffness,vp_chaboche,nopred-ls,12,1,18,9.61233500e-14
stiffness,vp_chaboche,nopred-ls,20,1,0,9.51627700e+01
stiffness,vp_chaboche,nopred-ls,20,1,1,1.20378900e+07
stiffness,vp_chaboche,nopred-ls,20,1,2,4.31541300e+06
stiffness,vp_chaboche,nopred-ls,20,1,3,1.54701100e+06
stiffness,vp_chaboche,nopred-ls,20,1,4,5.54576800e+05
stiffness,vp_chaboche,nopred-ls,20,1,5,1.98802200e+05
stiffness,vp_chaboche,nopred-ls,20,1,6,7.12610500e+04
stiffness,vp_chaboche,nopred-ls,20,1,7,2.55385200e+04
stiffness,vp_chaboche,nopred-ls,20,1,8,9.14688100e+03
stiffness,vp_chaboche,nopred-ls,20,1,9,3.27007300e+03
stiffness,vp_chaboche,nopred-ls,20,1,10,1.16286500e+03
stiffness,vp_chaboche,nopred-ls,20,1,11,4.07252700e+02
stiffness,vp_chaboche,nopred-ls,20,1,12,1.36427300e+02
stiffness,vp_chaboche,nopred-ls,20,1,13,4.00529200e+01
stiffness,vp_chaboche,nopred-ls,20,1,14,8.01516700e+00
stiffness,vp_chaboche,nopred-ls,20,1,15,5.66139300e-01
stiffness,vp_chaboche,nopred-ls,20,1,16,3.42468600e-03
stiffness,vp_chaboche,nopred-ls,20,1,17,1.27342900e-07
stepsize,vp_chaboche,pred+ls,2,1,0,9.51627700e+01
stepsize,vp_chaboche,pred+ls,2,1,1,4.76000500e+05
stepsize,vp_chaboche,pred+ls,2,1,2,1.18980700e+05
stepsize,vp_chaboche,pred+ls,2,1,3,2.97227600e+04
stepsize,vp_chaboche,pred+ls,2,1,4,7.40845800e+03
stepsize,vp_chaboche,pred+ls,2,1,5,1.83044200e+03
stepsize,vp_chaboche,pred+ls,2,1,6,4.37337500e+02
stepsize,vp_chaboche,pred+ls,2,1,7,9.21260800e+01
stepsize,vp_chaboche,pred+ls,2,1,8,1.22354600e+01
stepsize,vp_chaboche,pred+ls,2,1,9,3.94940100e-01
stepsize,vp_chaboche,pred+ls,2,1,10,4.65288300e-04
stepsize,vp_chaboche,pred+ls,2,1,11,6.51602800e-10
stepsize,vp_chaboche,pred+ls,2,2,0,1.90325500e+02
stepsize,vp_chaboche,pred+ls,2,2,1,6.05863800e+06
stepsize,vp_chaboche,pred+ls,2,2,2,1.51467700e+06
stepsize,vp_chaboche,pred+ls,2,2,3,3.78623200e+05
stepsize,vp_chaboche,pred+ls,2,2,4,9.46098800e+04
stepsize,vp_chaboche,pred+ls,2,2,5,2.36067100e+04
stepsize,vp_chaboche,pred+ls,2,2,6,5.85653000e+03
stepsize,vp_chaboche,pred+ls,2,2,7,1.42083000e+03
stepsize,vp_chaboche,pred+ls,2,2,8,3.16850600e+02
stepsize,vp_chaboche,pred+ls,2,2,9,5.20527800e+01
stepsize,vp_chaboche,pred+ls,2,2,10,3.13763300e+00
stepsize,vp_chaboche,pred+ls,2,2,11,1.45655200e-02
stepsize,vp_chaboche,pred+ls,2,2,12,3.15746900e-07
stepsize,vp_chaboche,pred+ls,2,5,0,4.75813900e+02
stepsize,vp_chaboche,pred+ls,2,5,1,1.19663100e+08
stepsize,vp_chaboche,pred+ls,2,5,2,2.99184800e+07
stepsize,vp_chaboche,pred+ls,2,5,3,7.47950500e+06
stepsize,vp_chaboche,pred+ls,2,5,4,1.86976000e+06
stepsize,vp_chaboche,pred+ls,2,5,5,4.67323600e+05
stepsize,vp_chaboche,pred+ls,2,5,6,1.16714600e+05
stepsize,vp_chaboche,pred+ls,2,5,7,2.90629400e+04
stepsize,vp_chaboche,pred+ls,2,5,8,7.15214900e+03
stepsize,vp_chaboche,pred+ls,2,5,9,1.68147700e+03
stepsize,vp_chaboche,pred+ls,2,5,10,3.33733600e+02
stepsize,vp_chaboche,pred+ls,2,5,11,3.72796700e+01
stepsize,vp_chaboche,pred+ls,2,5,12,8.07547700e-01
stepsize,vp_chaboche,pred+ls,2,5,13,4.31339900e-04
stepsize,vp_chaboche,pred+ls,2,5,14,1.25480100e-10
stepsize,vp_chaboche,pred+ls,2,10,0,9.51627700e+02
stepsize,vp_chaboche,pred+ls,2,10,1,1.02916000e+09
stepsize,vp_chaboche,pred+ls,2,10,2,2.57336500e+08
stepsize,vp_chaboche,pred+ls,2,10,3,6.43339100e+07
stepsize,vp_chaboche,pred+ls,2,10,4,1.60832500e+07
stepsize,vp_chaboche,pred+ls,2,10,5,4.02057800e+06
stepsize,vp_chaboche,pred+ls,2,10,6,1.00491100e+06
stepsize,vp_chaboche,pred+ls,2,10,7,2.50994000e+05
stepsize,vp_chaboche,pred+ls,2,10,8,6.25157200e+04
stepsize,vp_chaboche,pred+ls,2,10,9,1.53995600e+04
stepsize,vp_chaboche,pred+ls,2,10,10,3.63279300e+03
stepsize,vp_chaboche,pred+ls,2,10,11,7.28901100e+02
stepsize,vp_chaboche,pred+ls,2,10,12,8.46359200e+01
stepsize,vp_chaboche,pred+ls,2,10,13,2.13406500e+00
stepsize,vp_chaboche,pred+ls,2,10,14,1.77750900e-03
stepsize,vp_chaboche,pred+ls,2,10,15,1.42133900e-09
stepsize,vp_chaboche,pred+ls,2,20,0,1.90325500e+03
stepsize,vp_chaboche,pred+ls,2,20,1,8.52849300e+09
stepsize,vp_chaboche,pred+ls,2,20,2,2.13288300e+09
stepsize,vp_chaboche,pred+ls,2,20,3,5.33220700e+08
stepsize,vp_chaboche,pred+ls,2,20,4,1.33304700e+08
stepsize,vp_chaboche,pred+ls,2,20,5,3.33257200e+07
stepsize,vp_chaboche,pred+ls,2,20,6,8.33096300e+06
stepsize,vp_chaboche,pred+ls,2,20,7,2.08227200e+06
stepsize,vp_chaboche,pred+ls,2,20,8,5.20099600e+05
stepsize,vp_chaboche,pred+ls,2,20,9,1.29558000e+05
stepsize,vp_chaboche,pred+ls,2,20,10,3.19285300e+04
stepsize,vp_chaboche,pred+ls,2,20,11,7.54349600e+03
stepsize,vp_chaboche,pred+ls,2,20,12,1.52013300e+03
stepsize,vp_chaboche,pred+ls,2,20,13,1.79150000e+02
stepsize,vp_chaboche,pred+ls,2,20,14,4.99103700e+00
stepsize,vp_chaboche,pred+ls,2,20,15,6.01159600e-03
stepsize,vp_chaboche,pred+ls,2,20,16,9.82545700e-09
stepsize,vp_chaboche,pred-ls,2,1,0,9.51627700e+01
stepsize,vp_chaboche,pred-ls,2,1,1,6.47010500e+07
stepsize,vp_chaboche,pred-ls,2,1,2,1.61752500e+07
stepsize,vp_chaboche,pred-ls,2,1,3,4.04379100e+06
stepsize,vp_chaboche,pred-ls,2,1,4,1.01092500e+06
stepsize,vp_chaboche,pred-ls,2,1,5,2.52708900e+05
stepsize,vp_chaboche,pred-ls,2,1,6,6.31547700e+04
stepsize,vp_chaboche,pred-ls,2,1,7,1.57663300e+04
stepsize,vp_chaboche,pred-ls,2,1,8,3.91954100e+03
stepsize,vp_chaboche,pred-ls,2,1,9,9.58705900e+02
stepsize,vp_chaboche,pred-ls,2,1,10,2.20530100e+02
stepsize,vp_chaboche,pred-ls,2,1,11,4.03061300e+01
stepsize,vp_chaboche,pred-ls,2,1,12,3.32552600e+00
stepsize,vp_chaboche,pred-ls,2,1,13,3.20215400e-02
stepsize,vp_chaboche,pred-ls,2,1,14,3.06436200e-06
stepsize,vp_chaboche,pred-ls,2,1,15,4.12676300e-12
stepsize,vp_chaboche,pred-ls,2,2,0,1.90325500e+02
stepsize,vp_chaboche,pred-ls,2,2,1,5.41069100e+08
stepsize,vp_chaboche,pred-ls,2,2,2,1.35267400e+08
stepsize,vp_chaboche,pred-ls,2,2,3,3.38168300e+07
stepsize,vp_chaboche,pred-ls,2,2,4,8.45416300e+06
stepsize,vp_chaboche,pred-ls,2,2,5,2.11349500e+06
stepsize,vp_chaboche,pred-ls,2,2,6,5.28327800e+05
stepsize,vp_chaboche,pred-ls,2,2,7,1.32036000e+05
stepsize,vp_chaboche,pred-ls,2,2,8,3.29631800e+04
stepsize,vp_chaboche,pred-ls,2,2,9,8.19543000e+03
stepsize,vp_chaboche,pred-ls,2,2,10,2.00492500e+03
stepsize,vp_chaboche,pred-ls,2,2,11,4.61246000e+02
stepsize,vp_chaboche,pred-ls,2,2,12,8.47180100e+01
stepsize,vp_chaboche,pred-ls,2,2,13,7.22247200e+00
stepsize,vp_chaboche,pred-ls,2,2,14,7.56081500e-02
stepsize,vp_chaboche,pred-ls,2,2,15,8.52726500e-06
stepsize,vp_chaboche,pred-ls,2,2,16,4.32368300e-12
stepsize,vp_chaboche,pred-ls,2,5,0,4.75813900e+02
stepsize,vp_chaboche,pred-ls,2,5,1,8.67804900e+09
stepsize,vp_chaboche,pred-ls,2,5,2,2.16951900e+09
stepsize,vp_chaboche,pred-ls,2,5,3,5.42380400e+08
stepsize,vp_chaboche,pred-ls,2,5,4,1.35595100e+08
stepsize,vp_chaboche,pred-ls,2,5,5,3.38986700e+07
stepsize,vp_chaboche,pred-ls,2,5,6,8.47455300e+06
stepsize,vp_chaboche,pred-ls,2,5,7,2.11852200e+06
stepsize,vp_chaboche,pred-ls,2,5,8,5.29514100e+05
stepsize,vp_chaboche,pred-ls,2,5,9,1.32262200e+05
stepsize,vp_chaboche,pred-ls,2,5,10,3.29497600e+04
stepsize,vp_chaboche,pred-ls,2,5,11,8.12353500e+03
stepsize,vp_chaboche,pred-ls,2,5,12,1.92332300e+03
stepsize,vp_chaboche,pred-ls,2,5,13,3.91575900e+02
stepsize,vp_chaboche,pred-ls,2,5,14,4.75093000e+01
stepsize,vp_chaboche,pred-ls,2,5,15,1.27652200e+00
stepsize,vp_chaboche,pred-ls,2,5,16,1.07255200e-03
stepsize,vp_chaboche,pred-ls,2,5,17,8.30434800e-10
stepsize,vp_chaboche,pred-ls,2,10,0,9.51627700e+02
stepsize,vp_chaboche,pred-ls,2,10,1,7.00265100e+10
stepsize,vp_chaboche,pred-ls,2,10,2,1.75067400e+10
stepsize,vp_chaboche,pred-ls,2,10,3,4.37669700e+09
stepsize,vp_chaboche,pred-ls,2,10,4,1.09417600e+09
stepsize,vp_chaboche,pred-ls,2,10,5,2.73543900e+08
stepsize,vp_chaboche,pred-ls,2,10,6,6.83857700e+07
stepsize,vp_chaboche,pred-ls,2,10,7,1.70962100e+07
stepsize,vp_chaboche,pred-ls,2,10,8,4.27382000e+06
stepsize,vp_chaboche,pred-ls,2,10,9,1.06822100e+06
stepsize,vp_chaboche,pred-ls,2,10,10,2.66821600e+05
stepsize,vp_chaboche,pred-ls,2,10,11,6.64725400e+04
stepsize,vp_chaboche,pred-ls,2,10,12,1.63885000e+04
stepsize,vp_chaboche,pred-ls,2,10,13,3.87912200e+03
stepsize,vp_chaboche,pred-ls,2,10,14,7.87933900e+02
stepsize,vp_chaboche,pred-ls,2,10,15,9.51387300e+01
stepsize,vp_chaboche,pred-ls,2,10,16,2.64920000e+00
stepsize,vp_chaboche,pred-ls,2,10,17,2.71419400e-03
stepsize,vp_chaboche,pred-ls,2,10,18,3.38955100e-09
stepsize,vp_chaboche,pred-ls,2,20,0,1.90325500e+03
stepsize,vp_chaboche,pred-ls,2,20,1,5.62628300e+11
stepsize,vp_chaboche,pred-ls,2,20,2,1.40658800e+11
stepsize,vp_chaboche,pred-ls,2,20,3,3.51649300e+10
stepsize,vp_chaboche,pred-ls,2,20,4,8.79125800e+09
stepsize,vp_chaboche,pred-ls,2,20,5,2.19781700e+09
stepsize,vp_chaboche,pred-ls,2,20,6,5.49454300e+08
stepsize,vp_chaboche,pred-ls,2,20,7,1.37363200e+08
stepsize,vp_chaboche,pred-ls,2,20,8,3.43403300e+07
stepsize,vp_chaboche,pred-ls,2,20,9,8.58461400e+06
stepsize,vp_chaboche,pred-ls,2,20,10,2.14568500e+06
stepsize,vp_chaboche,pred-ls,2,20,11,5.35952800e+05
stepsize,vp_chaboche,pred-ls,2,20,12,1.33521200e+05
stepsize,vp_chaboche,pred-ls,2,20,13,3.29191100e+04
stepsize,vp_chaboche,pred-ls,2,20,14,7.79030100e+03
stepsize,vp_chaboche,pred-ls,2,20,15,1.57934300e+03
stepsize,vp_chaboche,pred-ls,2,20,16,1.89677900e+02
stepsize,vp_chaboche,pred-ls,2,20,17,5.52994500e+00
stepsize,vp_chaboche,pred-ls,2,20,18,7.32886900e-03
stepsize,vp_chaboche,pred-ls,2,20,19,1.45149100e-08
stepsize,vp_chaboche,nopred+ls,2,1,0,9.51627700e+01
stepsize,vp_chaboche,nopred+ls,2,1,1,4.76000500e+05
stepsize,vp_chaboche,nopred+ls,2,1,2,1.18980700e+05
stepsize,vp_chaboche,nopred+ls,2,1,3,2.97227600e+04
stepsize,vp_chaboche,nopred+ls,2,1,4,7.40845800e+03
stepsize,vp_chaboche,nopred+ls,2,1,5,1.83044200e+03
stepsize,vp_chaboche,nopred+ls,2,1,6,4.37337500e+02
stepsize,vp_chaboche,nopred+ls,2,1,7,9.21260800e+01
stepsize,vp_chaboche,nopred+ls,2,1,8,1.22354600e+01
stepsize,vp_chaboche,nopred+ls,2,1,9,3.94940100e-01
stepsize,vp_chaboche,nopred+ls,2,1,10,4.65288300e-04
stepsize,vp_chaboche,nopred+ls,2,1,11,6.51602800e-10
stepsize,vp_chaboche,nopred+ls,2,2,0,1.90325500e+02
stepsize,vp_chaboche,nopred+ls,2,2,1,6.05863800e+06
stepsize,vp_chaboche,nopred+ls,2,2,2,1.51467700e+06
stepsize,vp_chaboche,nopred+ls,2,2,3,3.78623200e+05
stepsize,vp_chaboche,nopred+ls,2,2,4,9.46098800e+04
stepsize,vp_chaboche,nopred+ls,2,2,5,2.36067100e+04
stepsize,vp_chaboche,nopred+ls,2,2,6,5.85653000e+03
stepsize,vp_chaboche,nopred+ls,2,2,7,1.42083000e+03
stepsize,vp_chaboche,nopred+ls,2,2,8,3.16850600e+02
stepsize,vp_chaboche,nopred+ls,2,2,9,5.20527800e+01
stepsize,vp_chaboche,nopred+ls,2,2,10,3.13763300e+00
stepsize,vp_chaboche,nopred+ls,2,2,11,1.45655200e-02
stepsize,vp_chaboche,nopred+ls,2,2,12,3.15746900e-07
stepsize,vp_chaboche,nopred+ls,2,5,0,4.75813900e+02
stepsize,vp_chaboche,nopred+ls,2,5,1,1.19663100e+08
stepsize,vp_chaboche,nopred+ls,2,5,2,2.99184800e+07
stepsize,vp_chaboche,nopred+ls,2,5,3,7.47950500e+06
stepsize,vp_chaboche,nopred+ls,2,5,4,1.86976000e+06
stepsize,vp_chaboche,nopred+ls,2,5,5,4.67323600e+05
stepsize,vp_chaboche,nopred+ls,2,5,6,1.16714600e+05
stepsize,vp_chaboche,nopred+ls,2,5,7,2.90629400e+04
stepsize,vp_chaboche,nopred+ls,2,5,8,7.15214900e+03
stepsize,vp_chaboche,nopred+ls,2,5,9,1.68147700e+03
stepsize,vp_chaboche,nopred+ls,2,5,10,3.33733600e+02
stepsize,vp_chaboche,nopred+ls,2,5,11,3.72796700e+01
stepsize,vp_chaboche,nopred+ls,2,5,12,8.07547700e-01
stepsize,vp_chaboche,nopred+ls,2,5,13,4.31339900e-04
stepsize,vp_chaboche,nopred+ls,2,5,14,1.25480100e-10
stepsize,vp_chaboche,nopred+ls,2,10,0,9.51627700e+02
stepsize,vp_chaboche,nopred+ls,2,10,1,1.02916000e+09
stepsize,vp_chaboche,nopred+ls,2,10,2,2.57336500e+08
stepsize,vp_chaboche,nopred+ls,2,10,3,6.43339100e+07
stepsize,vp_chaboche,nopred+ls,2,10,4,1.60832500e+07
stepsize,vp_chaboche,nopred+ls,2,10,5,4.02057800e+06
stepsize,vp_chaboche,nopred+ls,2,10,6,1.00491100e+06
stepsize,vp_chaboche,nopred+ls,2,10,7,2.50994000e+05
stepsize,vp_chaboche,nopred+ls,2,10,8,6.25157200e+04
stepsize,vp_chaboche,nopred+ls,2,10,9,1.53995600e+04
stepsize,vp_chaboche,nopred+ls,2,10,10,3.63279300e+03
stepsize,vp_chaboche,nopred+ls,2,10,11,7.28901100e+02
stepsize,vp_chaboche,nopred+ls,2,10,12,8.46359200e+01
stepsize,vp_chaboche,nopred+ls,2,10,13,2.13406500e+00
stepsize,vp_chaboche,nopred+ls,2,10,14,1.77750900e-03
stepsize,vp_chaboche,nopred+ls,2,10,15,1.42133900e-09
stepsize,vp_chaboche,nopred+ls,2,20,0,1.90325500e+03
stepsize,vp_chaboche,nopred+ls,2,20,1,8.52849300e+09
stepsize,vp_chaboche,nopred+ls,2,20,2,2.13288300e+09
stepsize,vp_chaboche,nopred+ls,2,20,3,5.33220700e+08
stepsize,vp_chaboche,nopred+ls,2,20,4,1.33304700e+08
stepsize,vp_chaboche,nopred+ls,2,20,5,3.33257200e+07
stepsize,vp_chaboche,nopred+ls,2,20,6,8.33096300e+06
stepsize,vp_chaboche,nopred+ls,2,20,7,2.08227200e+06
stepsize,vp_chaboche,nopred+ls,2,20,8,5.20099600e+05
stepsize,vp_chaboche,nopred+ls,2,20,9,1.29558000e+05
stepsize,vp_chaboche,nopred+ls,2,20,10,3.19285300e+04
stepsize,vp_chaboche,nopred+ls,2,20,11,7.54349600e+03
stepsize,vp_chaboche,nopred+ls,2,20,12,1.52013300e+03
stepsize,vp_chaboche,nopred+ls,2,20,13,1.79150000e+02
stepsize,vp_chaboche,nopred+ls,2,20,14,4.99103700e+00
stepsize,vp_chaboche,nopred+ls,2,20,15,6.01159600e-03
stepsize,vp_chaboche,nopred+ls,2,20,16,9.82545700e-09
stepsize,vp_chaboche,nopred-ls,2,1,0,9.51627700e+01
stepsize,vp_chaboche,nopred-ls,2,1,1,6.47010500e+07
stepsize,vp_chaboche,nopred-ls,2,1,2,1.61752500e+07
stepsize,vp_chaboche,nopred-ls,2,1,3,4.04379100e+06
stepsize,vp_chaboche,nopred-ls,2,1,4,1.01092500e+06
stepsize,vp_chaboche,nopred-ls,2,1,5,2.52708900e+05
stepsize,vp_chaboche,nopred-ls,2,1,6,6.31547700e+04
stepsize,vp_chaboche,nopred-ls,2,1,7,1.57663300e+04
stepsize,vp_chaboche,nopred-ls,2,1,8,3.91954100e+03
stepsize,vp_chaboche,nopred-ls,2,1,9,9.58705900e+02
stepsize,vp_chaboche,nopred-ls,2,1,10,2.20530100e+02
stepsize,vp_chaboche,nopred-ls,2,1,11,4.03061300e+01
stepsize,vp_chaboche,nopred-ls,2,1,12,3.32552600e+00
stepsize,vp_chaboche,nopred-ls,2,1,13,3.20215400e-02
stepsize,vp_chaboche,nopred-ls,2,1,14,3.06436200e-06
stepsize,vp_chaboche,nopred-ls,2,1,15,4.12676300e-12
stepsize,vp_chaboche,nopred-ls,2,2,0,1.90325500e+02
stepsize,vp_chaboche,nopred-ls,2,2,1,5.41069100e+08
stepsize,vp_chaboche,nopred-ls,2,2,2,1.35267400e+08
stepsize,vp_chaboche,nopred-ls,2,2,3,3.38168300e+07
stepsize,vp_chaboche,nopred-ls,2,2,4,8.45416300e+06
stepsize,vp_chaboche,nopred-ls,2,2,5,2.11349500e+06
stepsize,vp_chaboche,nopred-ls,2,2,6,5.28327800e+05
stepsize,vp_chaboche,nopred-ls,2,2,7,1.32036000e+05
stepsize,vp_chaboche,nopred-ls,2,2,8,3.29631800e+04
stepsize,vp_chaboche,nopred-ls,2,2,9,8.19543000e+03
stepsize,vp_chaboche,nopred-ls,2,2,10,2.00492500e+03
stepsize,vp_chaboche,nopred-ls,2,2,11,4.61246000e+02
stepsize,vp_chaboche,nopred-ls,2,2,12,8.47180100e+01
stepsize,vp_chaboche,nopred-ls,2,2,13,7.22247200e+00
stepsize,vp_chaboche,nopred-ls,2,2,14,7.56081500e-02
stepsize,vp_chaboche,nopred-ls,2,2,15,8.52726500e-06
stepsize,vp_chaboche,nopred-ls,2,2,16,4.32368300e-12
stepsize,vp_chaboche,nopred-ls,2,5,0,4.75813900e+02
stepsize,vp_chaboche,nopred-ls,2,5,1,8.67804900e+09
stepsize,vp_chaboche,nopred-ls,2,5,2,2.16951900e+09
stepsize,vp_chaboche,nopred-ls,2,5,3,5.42380400e+08
stepsize,vp_chaboche,nopred-ls,2,5,4,1.35595100e+08
stepsize,vp_chaboche,nopred-ls,2,5,5,3.38986700e+07
stepsize,vp_chaboche,nopred-ls,2,5,6,8.47455300e+06
stepsize,vp_chaboche,nopred-ls,2,5,7,2.11852200e+06
stepsize,vp_chaboche,nopred-ls,2,5,8,5.29514100e+05
stepsize,vp_chaboche,nopred-ls,2,5,9,1.32262200e+05
stepsize,vp_chaboche,nopred-ls,2,5,10,3.29497600e+04
stepsize,vp_chaboche,nopred-ls,2,5,11,8.12353500e+03
stepsize,vp_chaboche,nopred-ls,2,5,12,1.92332300e+03
stepsize,vp_chaboche,nopred-ls,2,5,13,3.91575900e+02
stepsize,vp_chaboche,nopred-ls,2,5,14,4.75093000e+01
stepsize,vp_chaboche,nopred-ls,2,5,15,1.27652200e+00
stepsize,vp_chaboche,nopred-ls,2,5,16,1.07255200e-03
stepsize,vp_chaboche,nopred-ls,2,5,17,8.30434800e-10
stepsize,vp_chaboche,nopred-ls,2,10,0,9.51627700e+02
stepsize,vp_chaboche,nopred-ls,2,10,1,7.00265100e+10
stepsize,vp_chaboche,nopred-ls,2,10,2,1.75067400e+10
stepsize,vp_chaboche,nopred-ls,2,10,3,4.37669700e+09
stepsize,vp_chaboche,nopred-ls,2,10,4,1.09417600e+09
stepsize,vp_chaboche,nopred-ls,2,10,5,2.73543900e+08
stepsize,vp_chaboche,nopred-ls,2,10,6,6.83857700e+07
stepsize,vp_chaboche,nopred-ls,2,10,7,1.70962100e+07
stepsize,vp_chaboche,nopred-ls,2,10,8,4.27382000e+06
stepsize,vp_chaboche,nopred-ls,2,10,9,1.06822100e+06
stepsize,vp_chaboche,nopred-ls,2,10,10,2.66821600e+05
stepsize,vp_chaboche,nopred-ls,2,10,11,6.64725400e+04
stepsize,vp_chaboche,nopred-ls,2,10,12,1.63885000e+04
stepsize,vp_chaboche,nopred-ls,2,10,13,3.87912200e+03
stepsize,vp_chaboche,nopred-ls,2,10,14,7.87933900e+02
stepsize,vp_chaboche,nopred-ls,2,10,15,9.51387300e+01
stepsize,vp_chaboche,nopred-ls,2,10,16,2.64920000e+00
stepsize,vp_chaboche,nopred-ls,2,10,17,2.71419400e-03
stepsize,vp_chaboche,nopred-ls,2,10,18,3.38955100e-09
stepsize,vp_chaboche,nopred-ls,2,20,0,1.90325500e+03
stepsize,vp_chaboche,nopred-ls,2,20,1,5.62628300e+11
stepsize,vp_chaboche,nopred-ls,2,20,2,1.40658800e+11
stepsize,vp_chaboche,nopred-ls,2,20,3,3.51649300e+10
stepsize,vp_chaboche,nopred-ls,2,20,4,8.79125800e+09
stepsize,vp_chaboche,nopred-ls,2,20,5,2.19781700e+09
stepsize,vp_chaboche,nopred-ls,2,20,6,5.49454300e+08
stepsize,vp_chaboche,nopred-ls,2,20,7,1.37363200e+08
stepsize,vp_chaboche,nopred-ls,2,20,8,3.43403300e+07
stepsize,vp_chaboche,nopred-ls,2,20,9,8.58461400e+06
stepsize,vp_chaboche,nopred-ls,2,20,10,2.14568500e+06
stepsize,vp_chaboche,nopred-ls,2,20,11,5.35952800e+05
stepsize,vp_chaboche,nopred-ls,2,20,12,1.33521200e+05
stepsize,vp_chaboche,nopred-ls,2,20,13,3.29191100e+04
stepsize,vp_chaboche,nopred-ls,2,20,14,7.79030100e+03
stepsize,vp_chaboche,nopred-ls,2,20,15,1.57934300e+03
stepsize,vp_chaboche,nopred-ls,2,20,16,1.89677900e+02
stepsize,vp_chaboche,nopred-ls,2,20,17,5.52994500e+00
stepsize,vp_chaboche,nopred-ls,2,20,18,7.32886900e-03
stepsize,vp_chaboche,nopred-ls,2,20,19,1.45149100e-08
arms,cp_coupled,pred+ls,8,1,0,5.69479900e+01
arms,cp_coupled,pred+ls,8,1,1,4.29679100e+01
arms,cp_coupled,pred+ls,8,1,2,1.30349200e+01
arms,cp_coupled,pred+ls,8,1,3,2.55735000e+00
arms,cp_coupled,pred+ls,8,1,4,7.44106700e-01
arms,cp_coupled,pred+ls,8,1,5,2.03710000e-01
arms,cp_coupled,pred+ls,8,1,6,1.63195000e-01
arms,cp_coupled,pred+ls,8,1,7,2.74885800e-02
arms,cp_coupled,pred+ls,8,1,8,2.16506700e-02
arms,cp_coupled,pred+ls,8,1,9,2.11015000e-02
arms,cp_coupled,pred+ls,8,1,10,1.99769700e-02
arms,cp_coupled,pred+ls,8,1,11,1.94051500e-02
arms,cp_coupled,pred+ls,8,1,12,1.83764600e-02
arms,cp_coupled,pred+ls,8,1,13,5.95442100e-03
arms,cp_coupled,pred+ls,8,1,14,2.71518100e-05
arms,cp_coupled,pred+ls,8,1,15,5.45750500e-10
arms,cp_coupled,pred+ls,8,1,16,1.24345100e-14
arms,cp_coupled,pred-ls,8,1,0,5.69479900e+01
arms,cp_coupled,pred-ls,8,1,1,2.57439200e+05
arms,cp_coupled,pred-ls,8,1,2,3.57425100e+07
arms,cp_coupled,pred-ls,8,1,3,2.99859500e+19
arms,cp_coupled,pred-ls,8,1,4,2.10125300e+31
arms,cp_coupled,pred-ls,8,1,5,7.14224600e+30
arms,cp_coupled,pred-ls,8,1,6,2.32958200e+30
arms,cp_coupled,pred-ls,8,1,7,2.82512300e+31
arms,cp_coupled,pred-ls,8,1,8,6.52218000e+31
arms,cp_coupled,pred-ls,8,1,9,6.41010500e+31
arms,cp_coupled,pred-ls,8,1,10,4.29429300e+43
arms,cp_coupled,pred-ls,8,1,11,1.63124300e+49
arms,cp_coupled,pred-ls,8,1,12,1.05405900e+49
arms,cp_coupled,pred-ls,8,1,13,1.29970400e+49
arms,cp_coupled,pred-ls,8,1,14,4.41600700e+50
arms,cp_coupled,pred-ls,8,1,15,2.07332100e+52
arms,cp_coupled,pred-ls,8,1,16,1.26938100e+52
arms,cp_coupled,pred-ls,8,1,17,6.51903500e+55
arms,cp_coupled,pred-ls,8,1,18,6.06460300e+61
arms,cp_coupled,pred-ls,8,1,19,1.70269300e+66
arms,cp_coupled,pred-ls,8,1,20,6.29743600e+65
arms,cp_coupled,pred-ls,8,1,21,1.68920800e+69
arms,cp_coupled,pred-ls,8,1,22,2.14939600e+71
arms,cp_coupled,pred-ls,8,1,23,4.21700800e+87
arms,cp_coupled,pred-ls,8,1,24,5.30331800e+87
arms,cp_coupled,pred-ls,8,1,25,1.82226700e+87
arms,cp_coupled,pred-ls,8,1,26,6.26147300e+86
arms,cp_coupled,pred-ls,8,1,27,2.15149800e+86
arms,cp_coupled,pred-ls,8,1,28,7.39273900e+85
arms,cp_coupled,pred-ls,8,1,29,2.54021100e+85
arms,cp_coupled,pred-ls,8,1,30,8.72839200e+84
arms,cp_coupled,pred-ls,8,1,31,2.99915300e+84
arms,cp_coupled,pred-ls,8,1,32,1.03053600e+84
arms,cp_coupled,pred-ls,8,1,33,3.54101300e+83
arms,cp_coupled,pred-ls,8,1,34,2.80701800e+95
arms,cp_coupled,pred-ls,8,1,35,7.58209800e+94
arms,cp_coupled,pred-ls,8,1,36,2.60527700e+94
arms,cp_coupled,pred-ls,8,1,37,8.95196300e+93
arms,cp_coupled,pred-ls,8,1,38,3.07597400e+93
arms,cp_coupled,pred-ls,8,1,39,1.05693200e+93
arms,cp_coupled,pred-ls,8,1,40,3.63171300e+92
arms,cp_coupled,pred-ls,8,1,41,1.24788900e+92
arms,cp_coupled,pred-ls,8,1,42,4.28785800e+91
arms,cp_coupled,pred-ls,8,1,43,1.47334600e+91
arms,cp_coupled,pred-ls,8,1,44,5.06254900e+90
arms,cp_coupled,pred-ls,8,1,45,1.73953700e+90
arms,cp_coupled,pred-ls,8,1,46,5.97720400e+89
arms,cp_coupled,pred-ls,8,1,47,2.05382100e+89
arms,cp_coupled,pred-ls,8,1,48,7.05711100e+88
arms,cp_coupled,pred-ls,8,1,49,2.42488600e+88
arms,cp_coupled,nopred+ls,8,1,0,3.52865300e-01
arms,cp_coupled,nopred+ls,8,1,1,4.45749500e+02
arms,cp_coupled,nopred+ls,8,1,2,1.43431200e+02
arms,cp_coupled,nopred+ls,8,1,3,4.43320000e+01
arms,cp_coupled,nopred+ls,8,1,4,1.44116500e+01
arms,cp_coupled,nopred+ls,8,1,5,3.33421900e+00
arms,cp_coupled,nopred+ls,8,1,6,5.06802800e-01
arms,cp_coupled,nopred+ls,8,1,7,1.53673900e-01
arms,cp_coupled,nopred+ls,8,1,8,6.89112200e-02
arms,cp_coupled,nopred+ls,8,1,9,6.54607800e-02
arms,cp_coupled,nopred+ls,8,1,10,2.20248900e-02
arms,cp_coupled,nopred+ls,8,1,11,3.59377900e-04
arms,cp_coupled,nopred+ls,8,1,12,1.44728900e-07
arms,cp_coupled,nopred+ls,8,1,13,2.93099800e-14
arms,cp_coupled,nopred-ls,8,1,0,3.52865300e-01
arms,cp_coupled,nopred-ls,8,1,1,5.69162200e+09
arms,cp_coupled,nopred-ls,8,1,2,1.44489400e+17
arms,cp_coupled,nopred-ls,8,1,3,1.32191100e+34
arms,cp_coupled,nopred-ls,8,1,4,1.04168100e+34
arms,cp_coupled,nopred-ls,8,1,5,6.69096800e+36
arms,cp_coupled,nopred-ls,8,1,6,2.17564000e+49
arms,cp_coupled,nopred-ls,8,1,7,4.93540600e+49
arms,cp_coupled,nopred-ls,8,1,8,4.34221600e+49
arms,cp_coupled,nopred-ls,8,1,9,2.31434600e+49
arms,cp_coupled,nopred-ls,8,1,10,3.10067100e+48
arms,cp_coupled,nopred-ls,8,1,11,3.86358600e+50
arms,cp_coupled,nopred-ls,8,1,12,1.51203000e+52
arms,cp_coupled,nopred-ls,8,1,13,3.76730400e+57
arms,cp_coupled,nopred-ls,8,1,14,1.46409800e+62
arms,cp_coupled,nopred-ls,8,1,15,6.06302500e+61
arms,cp_coupled,nopred-ls,8,1,16,1.58065800e+73
arms,cp_coupled,nopred-ls,8,1,17,1.84632300e+74
arms,cp_coupled,nopred-ls,8,1,18,7.33828700e+73
arms,cp_coupled,nopred-ls,8,1,19,5.53608000e+76
arms,cp_coupled,nopred-ls,8,1,20,1.87272800e+76
arms,cp_coupled,nopred-ls,8,1,21,6.65883000e+75
arms,cp_coupled,nopred-ls,8,1,22,2.28803300e+75
arms,cp_coupled,nopred-ls,8,1,23,1.43809100e+78
arms,cp_coupled,nopred-ls,8,1,24,6.30666000e+77
arms,cp_coupled,nopred-ls,8,1,25,2.16702500e+77
arms,cp_coupled,nopred-ls,8,1,26,7.44609000e+76
arms,cp_coupled,nopred-ls,8,1,27,2.55854300e+76
arms,cp_coupled,nopred-ls,8,1,28,8.79138100e+75
arms,cp_coupled,nopred-ls,8,1,29,3.02079700e+75
arms,cp_coupled,nopred-ls,8,1,30,1.03797300e+75
arms,cp_coupled,nopred-ls,8,1,31,3.56656700e+74
arms,cp_coupled,nopred-ls,8,1,32,1.22550400e+74
arms,cp_coupled,nopred-ls,8,1,33,4.33945300e+85
arms,cp_coupled,nopred-ls,8,1,34,2.57961900e+91
arms,cp_coupled,nopred-ls,8,1,35,8.86380100e+90
arms,cp_coupled,nopred-ls,8,1,36,3.04568100e+90
arms,cp_coupled,nopred-ls,8,1,37,1.04652300e+90
arms,cp_coupled,nopred-ls,8,1,38,3.59594700e+89
arms,cp_coupled,nopred-ls,8,1,39,1.23559900e+89
arms,cp_coupled,nopred-ls,8,1,40,4.24563000e+88
arms,cp_coupled,nopred-ls,8,1,41,1.45883600e+88
arms,cp_coupled,nopred-ls,8,1,42,5.01269100e+87
arms,cp_coupled,nopred-ls,8,1,43,1.72240500e+87
arms,cp_coupled,nopred-ls,8,1,44,5.91833900e+86
arms,cp_coupled,nopred-ls,8,1,45,2.03359400e+86
arms,cp_coupled,nopred-ls,8,1,46,6.98761000e+85
arms,cp_coupled,nopred-ls,8,1,47,2.40100500e+85
arms,cp_coupled,nopred-ls,8,1,48,8.25006800e+84
arms,cp_coupled,nopred-ls,8,1,49,2.83479700e+84
stiffness,cp_coupled,pred-ls,2,1,0,5.59690700e+01
stiffness,cp_coupled,pred-ls,2,1,1,1.56250100e+01
stiffness,cp_coupled,pred-ls,2,1,2,2.99379600e+00
stiffness,cp_coupled,pred-ls,2,1,3,3.24718700e-01
stiffness,cp_coupled,pred-ls,2,1,4,2.46703700e-03
stiffness,cp_coupled,pred-ls,2,1,5,3.42219800e-07
stiffness,cp_coupled,pred-ls,4,1,0,4.71989900e+01
stiffness,cp_coupled,pred-ls,4,1,1,6.56221700e+01
stiffness,cp_coupled,pred-ls,4,1,2,2.05230100e+01
stiffness,cp_coupled,pred-ls,4,1,3,6.08598200e+00
stiffness,cp_coupled,pred-ls,4,1,4,1.48194800e+00
stiffness,cp_coupled,pred-ls,4,1,5,2.04298300e-01
stiffness,cp_coupled,pred-ls,4,1,6,6.24740800e-03
stiffness,cp_coupled,pred-ls,4,1,7,6.62711700e-06
stiffness,cp_coupled,pred-ls,4,1,8,7.90368200e-12
stiffness,cp_coupled,pred-ls,8,1,0,5.69479900e+01
stiffness,cp_coupled,pred-ls,8,1,1,2.57439200e+05
stiffness,cp_coupled,pred-ls,8,1,2,3.57425100e+07
stiffness,cp_coupled,pred-ls,8,1,3,2.99859500e+19
stiffness,cp_coupled,pred-ls,8,1,4,2.10125300e+31
stiffness,cp_coupled,pred-ls,8,1,5,7.14224600e+30
stiffness,cp_coupled,pred-ls,8,1,6,2.32958200e+30
stiffness,cp_coupled,pred-ls,8,1,7,2.82512300e+31
stiffness,cp_coupled,pred-ls,8,1,8,6.52218000e+31
stiffness,cp_coupled,pred-ls,8,1,9,6.41010500e+31
stiffness,cp_coupled,pred-ls,8,1,10,4.29429300e+43
stiffness,cp_coupled,pred-ls,8,1,11,1.63124300e+49
stiffness,cp_coupled,pred-ls,8,1,12,1.05405900e+49
stiffness,cp_coupled,pred-ls,8,1,13,1.29970400e+49
stiffness,cp_coupled,pred-ls,8,1,14,4.41600700e+50
stiffness,cp_coupled,pred-ls,8,1,15,2.07332100e+52
stiffness,cp_coupled,pred-ls,8,1,16,1.26938100e+52
stiffness,cp_coupled,pred-ls,8,1,17,6.51903500e+55
stiffness,cp_coupled,pred-ls,8,1,18,6.06460300e+61
stiffness,cp_coupled,pred-ls,8,1,19,1.70269300e+66
stiffness,cp_coupled,pred-ls,8,1,20,6.29743600e+65
stiffness,cp_coupled,pred-ls,8,1,21,1.68920800e+69
stiffness,cp_coupled,pred-ls,8,1,22,2.14939600e+71
stiffness,cp_coupled,pred-ls,8,1,23,4.21700800e+87
stiffness,cp_coupled,pred-ls,8,1,24,5.30331800e+87
stiffness,cp_coupled,pred-ls,8,1,25,1.82226700e+87
stiffness,cp_coupled,pred-ls,8,1,26,6.26147300e+86
stiffness,cp_coupled,pred-ls,8,1,27,2.15149800e+86
stiffness,cp_coupled,pred-ls,8,1,28,7.39273900e+85
stiffness,cp_coupled,pred-ls,8,1,29,2.54021100e+85
stiffness,cp_coupled,pred-ls,8,1,30,8.72839200e+84
stiffness,cp_coupled,pred-ls,8,1,31,2.99915300e+84
stiffness,cp_coupled,pred-ls,8,1,32,1.03053600e+84
stiffness,cp_coupled,pred-ls,8,1,33,3.54101300e+83
stiffness,cp_coupled,pred-ls,8,1,34,2.80701800e+95
stiffness,cp_coupled,pred-ls,8,1,35,7.58209800e+94
stiffness,cp_coupled,pred-ls,8,1,36,2.60527700e+94
stiffness,cp_coupled,pred-ls,8,1,37,8.95196300e+93
stiffness,cp_coupled,pred-ls,8,1,38,3.07597400e+93
stiffness,cp_coupled,pred-ls,8,1,39,1.05693200e+93
stiffness,cp_coupled,pred-ls,8,1,40,3.63171300e+92
stiffness,cp_coupled,pred-ls,8,1,41,1.24788900e+92
stiffness,cp_coupled,pred-ls,8,1,42,4.28785800e+91
stiffness,cp_coupled,pred-ls,8,1,43,1.47334600e+91
stiffness,cp_coupled,pred-ls,8,1,44,5.06254900e+90
stiffness,cp_coupled,pred-ls,8,1,45,1.73953700e+90
stiffness,cp_coupled,pred-ls,8,1,46,5.97720400e+89
stiffness,cp_coupled,pred-ls,8,1,47,2.05382100e+89
stiffness,cp_coupled,pred-ls,8,1,48,7.05711100e+88
stiffness,cp_coupled,pred-ls,8,1,49,2.42488600e+88
stiffness,cp_coupled,pred-ls,12,1,0,8.57103600e+01
stiffness,cp_coupled,pred-ls,12,1,1,8.05921200e+08
stiffness,cp_coupled,pred-ls,12,1,2,2.67635800e+40
stiffness,cp_coupled,pred-ls,12,1,3,5.50656300e+49
stiffness,cp_coupled,pred-ls,12,1,4,2.34818400e+49
stiffness,cp_coupled,pred-ls,12,1,5,8.52097600e+70
stiffness,cp_coupled,pred-ls,12,1,6,2.99251000e+70
stiffness,cp_coupled,pred-ls,12,1,7,2.90756900e+75
stiffness,cp_coupled,pred-ls,12,1,8,1.36623400e+87
stiffness,cp_coupled,pred-ls,12,1,9,4.54994000e+87
stiffness,cp_coupled,pred-ls,12,1,10,3.22957300e+94
stiffness,cp_coupled,pred-ls,12,1,11,2.08170500e+96
stiffness,cp_coupled,pred-ls,12,1,12,4.56901700e+97
stiffness,cp_coupled,pred-ls,12,1,13,1.60827400e+97
stiffness,cp_coupled,pred-ls,12,1,14,8.03416800e+100
stiffness,cp_coupled,pred-ls,12,1,15,2.15251600e+104
stiffness,cp_coupled,pred-ls,12,1,16,7.57676400e+103
stiffness,cp_coupled,pred-ls,12,1,17,3.47701300e+103
stiffness,cp_coupled,pred-ls,12,1,18,1.22389300e+103
stiffness,cp_coupled,pred-ls,12,1,19,4.30805100e+102
stiffness,cp_coupled,pred-ls,12,1,20,1.51641500e+102
stiffness,cp_coupled,pred-ls,12,1,21,5.33771500e+101
stiffness,cp_coupled,pred-ls,12,1,22,1.87885200e+101
stiffness,cp_coupled,pred-ls,12,1,23,6.61347800e+100
stiffness,cp_coupled,pred-ls,12,1,24,2.32791500e+100
stiffness,cp_coupled,pred-ls,12,1,25,8.19416100e+99
stiffness,cp_coupled,pred-ls,12,1,26,2.88430900e+99
stiffness,cp_coupled,pred-ls,12,1,27,1.01526400e+99
stiffness,cp_coupled,pred-ls,12,1,28,3.57368500e+98
stiffness,cp_coupled,pred-ls,12,1,29,1.25792200e+98
stiffness,cp_coupled,pred-ls,12,1,30,4.42782900e+97
stiffness,cp_coupled,pred-ls,12,1,31,1.55857600e+97
stiffness,cp_coupled,pred-ls,12,1,32,5.48612100e+96
stiffness,cp_coupled,pred-ls,12,1,33,1.93109100e+96
stiffness,cp_coupled,pred-ls,12,1,34,6.79735400e+95
stiffness,cp_coupled,pred-ls,12,1,35,2.39263900e+95
stiffness,cp_coupled,pred-ls,12,1,36,4.16782000e+95
stiffness,cp_coupled,pred-ls,12,1,37,1.46705400e+95
stiffness,cp_coupled,pred-ls,12,1,38,5.16396700e+94
stiffness,cp_coupled,pred-ls,12,1,39,1.81769400e+94
stiffness,cp_coupled,pred-ls,12,1,40,6.39820300e+93
stiffness,cp_coupled,pred-ls,12,1,41,2.25213900e+93
stiffness,cp_coupled,pred-ls,12,1,42,7.92743200e+92
stiffness,cp_coupled,pred-ls,12,1,43,2.79042200e+92
stiffness,cp_coupled,pred-ls,12,1,44,9.82216200e+91
stiffness,cp_coupled,pred-ls,12,1,45,3.45735800e+91
stiffness,cp_coupled,pred-ls,12,1,46,1.21697500e+91
stiffness,cp_coupled,pred-ls,12,1,47,4.28369900e+90
stiffness,cp_coupled,pred-ls,12,1,48,1.50784300e+90
stiffness,cp_coupled,pred-ls,12,1,49,5.30754200e+89
stiffness,cp_coupled,pred-ls,20,1,0,2.46773900e+02
stiffness,cp_coupled,pred-ls,20,1,1,7.13744300e+15
stiffness,cp_coupled,pred-ls,20,1,2,8.76273000e+69
stiffness,cp_coupled,pred-ls,20,1,3,2.35344400e+87
stiffness,cp_coupled,nopred-ls,2,1,0,3.52865300e-01
stiffness,cp_coupled,nopred-ls,2,1,1,5.59591300e+03
stiffness,cp_coupled,nopred-ls,2,1,2,1.52505500e+03
stiffness,cp_coupled,nopred-ls,2,1,3,2.53413300e+02
stiffness,cp_coupled,nopred-ls,2,1,4,6.80630600e+01
stiffness,cp_coupled,nopred-ls,2,1,5,2.46766500e+01
stiffness,cp_coupled,nopred-ls,2,1,6,6.22611200e+00
stiffness,cp_coupled,nopred-ls,2,1,7,4.55097400e-01
stiffness,cp_coupled,nopred-ls,2,1,8,1.19758700e-02
stiffness,cp_coupled,nopred-ls,2,1,9,4.97016000e-06
stiffness,cp_coupled,nopred-ls,2,1,10,3.53317600e-12
stiffness,cp_coupled,nopred-ls,4,1,0,3.52865300e-01
stiffness,cp_coupled,nopred-ls,4,1,1,4.71834800e+05
stiffness,cp_coupled,nopred-ls,4,1,2,2.19407600e+08
stiffness,cp_coupled,nopred-ls,4,1,3,5.12566900e+12
stiffness,cp_coupled,nopred-ls,4,1,4,1.10369400e+14
stiffness,cp_coupled,nopred-ls,4,1,5,7.86033000e+14
stiffness,cp_coupled,nopred-ls,4,1,6,2.02582600e+15
stiffness,cp_coupled,nopred-ls,4,1,7,1.34264600e+15
stiffness,cp_coupled,nopred-ls,4,1,8,8.27922900e+17
stiffness,cp_coupled,nopred-ls,4,1,9,6.02813600e+19
stiffness,cp_coupled,nopred-ls,4,1,10,1.95041900e+21
stiffness,cp_coupled,nopred-ls,4,1,11,4.21615200e+21
stiffness,cp_coupled,nopred-ls,4,1,12,1.29689200e+23
stiffness,cp_coupled,nopred-ls,4,1,13,2.31689200e+23
stiffness,cp_coupled,nopred-ls,4,1,14,2.95002400e+29
stiffness,cp_coupled,nopred-ls,4,1,15,5.35456800e+32
stiffness,cp_coupled,nopred-ls,4,1,16,2.40789400e+35
stiffness,cp_coupled,nopred-ls,4,1,17,5.02830500e+39
stiffness,cp_coupled,nopred-ls,4,1,18,2.36057800e+39
stiffness,cp_coupled,nopred-ls,4,1,19,2.07674200e+45
stiffness,cp_coupled,nopred-ls,4,1,20,1.04942700e+46
stiffness,cp_coupled,nopred-ls,4,1,21,1.05390000e+45
stiffness,cp_coupled,nopred-ls,4,1,22,4.26167000e+45
stiffness,cp_coupled,nopred-ls,4,1,23,5.93234500e+43
stiffness,cp_coupled,nopred-ls,4,1,24,1.44779000e+43
stiffness,cp_coupled,nopred-ls,4,1,25,1.48118000e+43
stiffness,cp_coupled,nopred-ls,4,1,26,1.30950400e+42
stiffness,cp_coupled,nopred-ls,4,1,27,2.51249100e+40
stiffness,cp_coupled,nopred-ls,4,1,28,4.66150300e+39
stiffness,cp_coupled,nopred-ls,4,1,29,1.03569300e+39
stiffness,cp_coupled,nopred-ls,4,1,30,3.10431100e+38
stiffness,cp_coupled,nopred-ls,4,1,31,9.63378400e+40
stiffness,cp_coupled,nopred-ls,4,1,32,4.00624700e+47
stiffness,cp_coupled,nopred-ls,4,1,33,1.08464900e+45
stiffness,cp_coupled,nopred-ls,4,1,34,2.26324200e+44
stiffness,cp_coupled,nopred-ls,4,1,35,6.11698000e+46
stiffness,cp_coupled,nopred-ls,4,1,36,3.36258100e+44
stiffness,cp_coupled,nopred-ls,4,1,37,2.28192900e+44
stiffness,cp_coupled,nopred-ls,4,1,38,2.22575300e+42
stiffness,cp_coupled,nopred-ls,4,1,39,2.21340200e+41
stiffness,cp_coupled,nopred-ls,4,1,40,4.17626900e+40
stiffness,cp_coupled,nopred-ls,4,1,41,4.32672700e+40
stiffness,cp_coupled,nopred-ls,4,1,42,2.96261900e+39
stiffness,cp_coupled,nopred-ls,4,1,43,1.19383200e+39
stiffness,cp_coupled,nopred-ls,4,1,44,3.95020300e+38
stiffness,cp_coupled,nopred-ls,4,1,45,8.58231100e+37
stiffness,cp_coupled,nopred-ls,4,1,46,2.04060200e+37
stiffness,cp_coupled,nopred-ls,4,1,47,2.17082400e+38
stiffness,cp_coupled,nopred-ls,4,1,48,2.71370500e+37
stiffness,cp_coupled,nopred-ls,4,1,49,1.06891100e+37
stiffness,cp_coupled,nopred-ls,8,1,0,3.52865300e-01
stiffness,cp_coupled,nopred-ls,8,1,1,5.69162200e+09
stiffness,cp_coupled,nopred-ls,8,1,2,1.44489400e+17
stiffness,cp_coupled,nopred-ls,8,1,3,1.32191100e+34
stiffness,cp_coupled,nopred-ls,8,1,4,1.04168100e+34
stiffness,cp_coupled,nopred-ls,8,1,5,6.69096800e+36
stiffness,cp_coupled,nopred-ls,8,1,6,2.17564000e+49
stiffness,cp_coupled,nopred-ls,8,1,7,4.93540600e+49
stiffness,cp_coupled,nopred-ls,8,1,8,4.34221600e+49
stiffness,cp_coupled,nopred-ls,8,1,9,2.31434600e+49
stiffness,cp_coupled,nopred-ls,8,1,10,3.10067100e+48
stiffness,cp_coupled,nopred-ls,8,1,11,3.86358600e+50
stiffness,cp_coupled,nopred-ls,8,1,12,1.51203000e+52
stiffness,cp_coupled,nopred-ls,8,1,13,3.76730400e+57
stiffness,cp_coupled,nopred-ls,8,1,14,1.46409800e+62
stiffness,cp_coupled,nopred-ls,8,1,15,6.06302500e+61
stiffness,cp_coupled,nopred-ls,8,1,16,1.58065800e+73
stiffness,cp_coupled,nopred-ls,8,1,17,1.84632300e+74
stiffness,cp_coupled,nopred-ls,8,1,18,7.33828700e+73
stiffness,cp_coupled,nopred-ls,8,1,19,5.53608000e+76
stiffness,cp_coupled,nopred-ls,8,1,20,1.87272800e+76
stiffness,cp_coupled,nopred-ls,8,1,21,6.65883000e+75
stiffness,cp_coupled,nopred-ls,8,1,22,2.28803300e+75
stiffness,cp_coupled,nopred-ls,8,1,23,1.43809100e+78
stiffness,cp_coupled,nopred-ls,8,1,24,6.30666000e+77
stiffness,cp_coupled,nopred-ls,8,1,25,2.16702500e+77
stiffness,cp_coupled,nopred-ls,8,1,26,7.44609000e+76
stiffness,cp_coupled,nopred-ls,8,1,27,2.55854300e+76
stiffness,cp_coupled,nopred-ls,8,1,28,8.79138100e+75
stiffness,cp_coupled,nopred-ls,8,1,29,3.02079700e+75
stiffness,cp_coupled,nopred-ls,8,1,30,1.03797300e+75
stiffness,cp_coupled,nopred-ls,8,1,31,3.56656700e+74
stiffness,cp_coupled,nopred-ls,8,1,32,1.22550400e+74
stiffness,cp_coupled,nopred-ls,8,1,33,4.33945300e+85
stiffness,cp_coupled,nopred-ls,8,1,34,2.57961900e+91
stiffness,cp_coupled,nopred-ls,8,1,35,8.86380100e+90
stiffness,cp_coupled,nopred-ls,8,1,36,3.04568100e+90
stiffness,cp_coupled,nopred-ls,8,1,37,1.04652300e+90
stiffness,cp_coupled,nopred-ls,8,1,38,3.59594700e+89
stiffness,cp_coupled,nopred-ls,8,1,39,1.23559900e+89
stiffness,cp_coupled,nopred-ls,8,1,40,4.24563000e+88
stiffness,cp_coupled,nopred-ls,8,1,41,1.45883600e+88
stiffness,cp_coupled,nopred-ls,8,1,42,5.01269100e+87
stiffness,cp_coupled,nopred-ls,8,1,43,1.72240500e+87
stiffness,cp_coupled,nopred-ls,8,1,44,5.91833900e+86
stiffness,cp_coupled,nopred-ls,8,1,45,2.03359400e+86
stiffness,cp_coupled,nopred-ls,8,1,46,6.98761000e+85
stiffness,cp_coupled,nopred-ls,8,1,47,2.40100500e+85
stiffness,cp_coupled,nopred-ls,8,1,48,8.25006800e+84
stiffness,cp_coupled,nopred-ls,8,1,49,2.83479700e+84
stiffness,cp_coupled,nopred-ls,12,1,0,3.52865300e-01
stiffness,cp_coupled,nopred-ls,12,1,1,8.56466700e+13
stiffness,cp_coupled,nopred-ls,12,1,2,5.96515000e+40
stiffness,cp_coupled,nopred-ls,12,1,3,1.19877800e+42
stiffness,cp_coupled,nopred-ls,12,1,4,5.02908000e+49
stiffness,cp_coupled,nopred-ls,12,1,5,5.99505400e+59
stiffness,cp_coupled,nopred-ls,12,1,6,1.25433600e+62
stiffness,cp_coupled,nopred-ls,12,1,7,1.60930700e+66
stiffness,cp_coupled,nopred-ls,12,1,8,1.40437600e+68
stiffness,cp_coupled,nopred-ls,12,1,9,1.91993600e+87
stiffness,cp_coupled,nopred-ls,12,1,10,2.06693400e+88
stiffness,cp_coupled,nopred-ls,12,1,11,7.27551800e+87
stiffness,cp_coupled,nopred-ls,12,1,12,2.56095100e+87
stiffness,cp_coupled,nopred-ls,12,1,13,9.01443400e+86
stiffness,cp_coupled,nopred-ls,12,1,14,2.34585600e+103
stiffness,cp_coupled,nopred-ls,12,1,15,8.25731200e+102
stiffness,cp_coupled,nopred-ls,12,1,16,2.90653800e+102
stiffness,cp_coupled,nopred-ls,20,1,0,3.52865300e-01
stiffness,cp_coupled,nopred-ls,20,1,1,2.46503800e+22
stiffness,cp_coupled,nopred-ls,20,1,2,2.62344100e+68
stiffness,cp_coupled,nopred-ls,20,1,3,4.28092800e+78
stiffness,cp_coupled,nopred-ls,20,1,4,2.25443300e+106
stepsize,cp_coupled,pred+ls,8,1,0,5.69479900e+01
stepsize,cp_coupled,pred+ls,8,1,1,4.29679100e+01
stepsize,cp_coupled,pred+ls,8,1,2,1.30349200e+01
stepsize,cp_coupled,pred+ls,8,1,3,2.55735000e+00
stepsize,cp_coupled,pred+ls,8,1,4,7.44106700e-01
stepsize,cp_coupled,pred+ls,8,1,5,2.03710000e-01
stepsize,cp_coupled,pred+ls,8,1,6,1.63195000e-01
stepsize,cp_coupled,pred+ls,8,1,7,2.74885800e-02
stepsize,cp_coupled,pred+ls,8,1,8,2.16506700e-02
stepsize,cp_coupled,pred+ls,8,1,9,2.11015000e-02
stepsize,cp_coupled,pred+ls,8,1,10,1.99769700e-02
stepsize,cp_coupled,pred+ls,8,1,11,1.94051500e-02
stepsize,cp_coupled,pred+ls,8,1,12,1.83764600e-02
stepsize,cp_coupled,pred+ls,8,1,13,5.95442100e-03
stepsize,cp_coupled,pred+ls,8,1,14,2.71518100e-05
stepsize,cp_coupled,pred+ls,8,1,15,5.45750500e-10
stepsize,cp_coupled,pred+ls,8,1,16,1.24345100e-14
stepsize,cp_coupled,pred+ls,8,2,0,2.91573800e+04
stepsize,cp_coupled,pred+ls,8,2,1,2.64782800e+17
stepsize,cp_coupled,pred+ls,8,2,2,7.13903900e+17
stepsize,cp_coupled,pred+ls,8,2,3,8.41663300e+16
stepsize,cp_coupled,pred+ls,8,2,4,3.66555300e+18
stepsize,cp_coupled,pred+ls,8,2,5,3.39609900e+18
stepsize,cp_coupled,pred+ls,8,2,6,2.77956000e+18
stepsize,cp_coupled,pred+ls,8,2,7,9.65003100e+21
stepsize,cp_coupled,pred+ls,8,2,8,5.53981900e+21
stepsize,cp_coupled,pred+ls,8,2,9,5.53191200e+21
stepsize,cp_coupled,pred+ls,8,2,10,2.74049300e+26
stepsize,cp_coupled,pred+ls,8,2,11,1.95556700e+26
stepsize,cp_coupled,pred+ls,8,2,12,9.97180600e+25
stepsize,cp_coupled,pred+ls,8,2,13,7.17314000e+25
stepsize,cp_coupled,pred+ls,8,2,14,6.50341600e+25
stepsize,cp_coupled,pred+ls,8,2,15,1.91161800e+26
stepsize,cp_coupled,pred+ls,8,2,16,2.70860100e+26
stepsize,cp_coupled,pred+ls,8,2,17,2.51062300e+26
stepsize,cp_coupled,pred+ls,8,2,18,2.83768000e+30
stepsize,cp_coupled,pred+ls,8,2,19,2.74062800e+30
stepsize,cp_coupled,pred+ls,8,2,20,4.43765900e+30
stepsize,cp_coupled,pred+ls,8,2,21,3.10297900e+34
stepsize,cp_coupled,pred+ls,8,2,22,1.27357700e+34
stepsize,cp_coupled,pred+ls,8,2,23,1.18752900e+34
stepsize,cp_coupled,pred+ls,8,2,24,1.15100700e+34
stepsize,cp_coupled,pred+ls,8,2,25,1.26615900e+34
stepsize,cp_coupled,pred+ls,8,2,26,1.42093200e+34
stepsize,cp_coupled,pred+ls,8,2,27,4.22613300e+32
stepsize,cp_coupled,pred+ls,8,2,28,1.71890900e+32
stepsize,cp_coupled,pred+ls,8,2,29,4.98974000e+31
stepsize,cp_coupled,pred+ls,8,2,30,1.78325700e+31
stepsize,cp_coupled,pred+ls,8,2,31,1.73661700e+31
stepsize,cp_coupled,pred+ls,8,2,32,3.51540600e+30
stepsize,cp_coupled,pred+ls,8,2,33,1.20793200e+30
stepsize,cp_coupled,pred+ls,8,2,34,4.15054800e+29
stepsize,cp_coupled,pred+ls,8,2,35,1.42647500e+29
stepsize,cp_coupled,pred+ls,8,2,36,4.90040800e+28
stepsize,cp_coupled,pred+ls,8,2,37,1.68382400e+28
stepsize,cp_coupled,pred+ls,8,2,38,5.78577200e+27
stepsize,cp_coupled,pred+ls,8,2,39,2.03906100e+27
stepsize,cp_coupled,pred+ls,8,2,40,6.83137800e+26
stepsize,cp_coupled,pred+ls,8,2,41,2.34722000e+26
stepsize,cp_coupled,pred+ls,8,2,42,8.06963800e+25
stepsize,cp_coupled,pred+ls,8,2,43,2.77129900e+25
stepsize,cp_coupled,pred+ls,8,2,44,9.52241500e+24
stepsize,cp_coupled,pred+ls,8,2,45,5.86657600e+25
stepsize,cp_coupled,pred+ls,8,2,46,2.88467000e+24
stepsize,cp_coupled,pred+ls,8,2,47,1.13227300e+24
stepsize,cp_coupled,pred+ls,8,2,48,1.59315400e+26
stepsize,cp_coupled,pred+ls,8,2,49,1.52860200e+26
stepsize,cp_coupled,pred+ls,8,5,0,1.11226600e+08
stepsize,cp_coupled,pred+ls,8,5,1,3.70188900e+17
stepsize,cp_coupled,pred+ls,8,5,2,1.34830000e+17
stepsize,cp_coupled,pred+ls,8,5,3,1.17917300e+17
stepsize,cp_coupled,pred+ls,8,5,4,1.09428700e+17
stepsize,cp_coupled,pred+ls,8,5,5,9.92103900e+16
stepsize,cp_coupled,pred+ls,8,5,6,1.03269200e+17
stepsize,cp_coupled,pred+ls,8,5,7,9.83375500e+16
stepsize,cp_coupled,pred+ls,8,5,8,9.86857200e+23
stepsize,cp_coupled,pred+ls,8,5,9,4.11248600e+22
stepsize,cp_coupled,pred+ls,8,5,10,3.81475200e+22
stepsize,cp_coupled,pred+ls,8,5,11,9.33338900e+22
stepsize,cp_coupled,pred+ls,8,5,12,7.41544400e+27
stepsize,cp_coupled,pred+ls,8,5,13,5.10409500e+27
stepsize,cp_coupled,pred+ls,8,5,14,2.78131100e+27
stepsize,cp_coupled,pred+ls,8,5,15,2.54057700e+27
stepsize,cp_coupled,pred+ls,8,5,16,2.96771500e+29
stepsize,cp_coupled,pred+ls,8,5,17,2.40137500e+29
stepsize,cp_coupled,pred+ls,8,5,18,9.09547900e+34
stepsize,cp_coupled,pred+ls,8,5,19,4.29484600e+34
stepsize,cp_coupled,pred+ls,8,5,20,9.21956300e+34
stepsize,cp_coupled,pred+ls,8,5,21,8.11162700e+34
stepsize,cp_coupled,pred+ls,8,5,22,7.40471500e+34
stepsize,cp_coupled,pred+ls,8,5,23,2.29473400e+36
stepsize,cp_coupled,pred+ls,8,5,24,1.11161900e+36
stepsize,cp_coupled,pred+ls,8,5,25,1.05628000e+36
stepsize,cp_coupled,pred+ls,8,5,26,9.74000600e+35
stepsize,cp_coupled,pred+ls,8,5,27,8.40003500e+35
stepsize,cp_coupled,pred+ls,8,5,28,7.76480300e+35
stepsize,cp_coupled,pred+ls,8,5,29,2.88217500e+36
stepsize,cp_coupled,pred+ls,8,5,30,2.23393600e+38
stepsize,cp_coupled,pred+ls,8,5,31,2.71894000e+39
stepsize,cp_coupled,pred+ls,8,5,32,5.48938200e+37
stepsize,cp_coupled,pred+ls,8,5,33,6.58669500e+37
stepsize,cp_coupled,pred+ls,8,5,34,2.55751600e+38
stepsize,cp_coupled,pred+ls,8,5,35,3.35731300e+38
stepsize,cp_coupled,pred+ls,8,5,36,2.64275100e+42
stepsize,cp_coupled,pred+ls,8,5,37,1.82983700e+42
stepsize,cp_coupled,pred+ls,8,5,38,2.15675500e+42
stepsize,cp_coupled,pred+ls,8,5,39,1.92105700e+42
stepsize,cp_coupled,pred+ls,8,5,40,1.80897500e+42
stepsize,cp_coupled,pred+ls,8,5,41,1.52840900e+42
stepsize,cp_coupled,pred+ls,8,5,42,1.63583100e+42
stepsize,cp_coupled,pred+ls,8,5,43,2.84987100e+44
stepsize,cp_coupled,pred+ls,8,5,44,4.32006000e+45
stepsize,cp_coupled,pred+ls,8,5,45,4.10506100e+45
stepsize,cp_coupled,pred+ls,8,5,46,3.69808300e+45
stepsize,cp_coupled,pred+ls,8,5,47,3.58340100e+45
stepsize,cp_coupled,pred+ls,8,5,48,3.14030200e+45
stepsize,cp_coupled,pred+ls,8,5,49,6.66779800e+49
stepsize,cp_coupled,pred+ls,8,10,0,5.69480000e+10
stepsize,cp_coupled,pred+ls,8,10,1,1.17549700e+11
stepsize,cp_coupled,pred+ls,8,10,2,6.27184500e+10
stepsize,cp_coupled,pred+ls,8,10,3,6.91939800e+10
stepsize,cp_coupled,pred+ls,8,10,4,5.54493300e+10
stepsize,cp_coupled,pred+ls,8,10,5,5.12527800e+10
stepsize,cp_coupled,pred+ls,8,10,6,5.28560700e+19
stepsize,cp_coupled,pred+ls,8,10,7,2.99241400e+19
stepsize,cp_coupled,pred+ls,8,10,8,1.47389100e+19
stepsize,cp_coupled,pred+ls,8,10,9,7.87827000e+18
stepsize,cp_coupled,pred+ls,8,10,10,5.85608100e+20
stepsize,cp_coupled,pred+ls,8,10,11,4.29025200e+20
stepsize,cp_coupled,pred+ls,8,10,12,3.38725600e+20
stepsize,cp_coupled,pred+ls,8,10,13,2.76837300e+20
stepsize,cp_coupled,pred+ls,8,10,14,2.42562300e+20
stepsize,cp_coupled,pred+ls,8,10,15,2.16070100e+20
stepsize,cp_coupled,pred+ls,8,10,16,1.49232100e+25
stepsize,cp_coupled,pred+ls,8,10,17,1.20770700e+25
stepsize,cp_coupled,pred+ls,8,10,18,8.97969300e+24
stepsize,cp_coupled,pred+ls,8,10,19,2.46620600e+25
stepsize,cp_coupled,pred+ls,8,10,20,1.09257400e+25
stepsize,cp_coupled,pred+ls,8,10,21,9.02201300e+24
stepsize,cp_coupled,pred+ls,8,10,22,8.36539900e+24
stepsize,cp_coupled,pred+ls,8,10,23,7.71713500e+24
stepsize,cp_coupled,pred+ls,8,10,24,1.63454300e+25
stepsize,cp_coupled,pred+ls,8,10,25,1.55433100e+25
stepsize,cp_coupled,pred+ls,8,10,26,1.61078200e+30
stepsize,cp_coupled,pred+ls,8,10,27,4.21285400e+30
stepsize,cp_coupled,pred+ls,8,10,28,3.99156800e+30
stepsize,cp_coupled,pred+ls,8,10,29,4.12170800e+30
stepsize,cp_coupled,pred+ls,8,10,30,3.76845100e+30
stepsize,cp_coupled,pred+ls,8,10,31,1.10031600e+31
stepsize,cp_coupled,pred+ls,8,10,32,1.25817400e+33
stepsize,cp_coupled,pred+ls,8,10,33,1.48065200e+33
stepsize,cp_coupled,pred+ls,8,10,34,1.20602500e+33
stepsize,cp_coupled,pred+ls,8,10,35,9.97513000e+32
stepsize,cp_coupled,pred+ls,8,10,36,8.53225700e+36
stepsize,cp_coupled,pred+ls,8,10,37,7.75107400e+36
stepsize,cp_coupled,pred+ls,8,10,38,6.20228700e+36
stepsize,cp_coupled,pred+ls,8,10,39,1.24725900e+37
stepsize,cp_coupled,pred+ls,8,10,40,7.74086100e+44
stepsize,cp_coupled,pred+ls,8,10,41,6.77335600e+44
stepsize,cp_coupled,pred+ls,8,10,42,6.41494200e+43
stepsize,cp_coupled,pred+ls,8,10,43,1.57339300e+43
stepsize,cp_coupled,pred+ls,8,10,44,1.34395400e+43
stepsize,cp_coupled,pred+ls,8,10,45,9.79723700e+42
stepsize,cp_coupled,pred+ls,8,10,46,9.32880500e+42
stepsize,cp_coupled,pred+ls,8,10,47,3.26656500e+42
stepsize,cp_coupled,pred+ls,8,10,48,2.31937500e+42
stepsize,cp_coupled,pred+ls,8,10,49,3.79966900e+41
stepsize,cp_coupled,pred+ls,8,20,0,2.91573800e+13
stepsize,cp_coupled,pred+ls,8,20,1,1.22340500e+14
stepsize,cp_coupled,pred+ls,8,20,2,7.57189700e+13
stepsize,cp_coupled,pred+ls,8,20,3,2.53092500e+22
stepsize,cp_coupled,pred+ls,8,20,4,1.52341100e+22
stepsize,cp_coupled,pred+ls,8,20,5,3.00258700e+26
stepsize,cp_coupled,pred+ls,8,20,6,2.73799000e+26
stepsize,cp_coupled,pred+ls,8,20,7,1.69474600e+26
stepsize,cp_coupled,pred+ls,8,20,8,1.59137700e+26
stepsize,cp_coupled,pred+ls,8,20,9,2.66643800e+26
stepsize,cp_coupled,pred+ls,8,20,10,2.58010800e+26
stepsize,cp_coupled,pred+ls,8,20,11,2.65956300e+26
stepsize,cp_coupled,pred+ls,8,20,12,2.67558500e+26
stepsize,cp_coupled,pred+ls,8,20,13,1.66345100e+26
stepsize,cp_coupled,pred+ls,8,20,14,1.52691200e+26
stepsize,cp_coupled,pred+ls,8,20,15,7.31087300e+31
stepsize,cp_coupled,pred+ls,8,20,16,5.68565600e+31
stepsize,cp_coupled,pred+ls,8,20,17,3.86257100e+34
stepsize,cp_coupled,pred+ls,8,20,18,2.37105100e+45
stepsize,cp_coupled,pred+ls,8,20,19,1.92517900e+45
stepsize,cp_coupled,pred+ls,8,20,20,1.68407800e+45
stepsize,cp_coupled,pred+ls,8,20,21,1.59583200e+45
stepsize,cp_coupled,pred+ls,8,20,22,1.51149200e+45
stepsize,cp_coupled,pred+ls,8,20,23,1.32420500e+45
stepsize,cp_coupled,pred+ls,8,20,24,2.65232700e+51
stepsize,cp_coupled,pred+ls,8,20,25,3.55204400e+51
stepsize,cp_coupled,pred+ls,8,20,26,1.22402900e+51
stepsize,cp_coupled,pred+ls,8,20,27,4.86045800e+50
stepsize,cp_coupled,pred+ls,8,20,28,7.52514000e+50
stepsize,cp_coupled,pred+ls,8,20,29,7.51348800e+50
stepsize,cp_coupled,pred+ls,8,20,30,7.20085800e+50
stepsize,cp_coupled,pred+ls,8,20,31,1.88354300e+51
stepsize,cp_coupled,pred+ls,8,20,32,6.47462100e+50
stepsize,cp_coupled,pred+ls,8,20,33,2.22452700e+50
stepsize,cp_coupled,pred+ls,8,20,34,8.50391700e+50
stepsize,cp_coupled,pred+ls,8,20,35,6.75649900e+49
stepsize,cp_coupled,pred+ls,8,20,36,3.14395500e+49
stepsize,cp_coupled,pred+ls,8,20,37,2.25366800e+49
stepsize,cp_coupled,pred+ls,8,20,38,3.88412500e+48
stepsize,cp_coupled,pred+ls,8,20,39,1.36947900e+48
stepsize,cp_coupled,pred+ls,8,20,40,5.16434900e+47
stepsize,cp_coupled,pred+ls,8,20,41,1.84496800e+47
stepsize,cp_coupled,pred+ls,8,20,42,5.84717500e+46
stepsize,cp_coupled,pred+ls,8,20,43,6.99488400e+51
stepsize,cp_coupled,pred+ls,8,20,44,2.40759500e+51
stepsize,cp_coupled,pred+ls,8,20,45,1.06025300e+51
stepsize,cp_coupled,pred+ls,8,20,46,1.62288600e+51
stepsize,cp_coupled,pred+ls,8,20,47,2.65658600e+50
stepsize,cp_coupled,pred+ls,8,20,48,2.61557500e+50
stepsize,cp_coupled,pred+ls,8,20,49,9.30199500e+49
stepsize,cp_coupled,pred-ls,8,1,0,5.69479900e+01
stepsize,cp_coupled,pred-ls,8,1,1,2.57439200e+05
stepsize,cp_coupled,pred-ls,8,1,2,3.57425100e+07
stepsize,cp_coupled,pred-ls,8,1,3,2.99859500e+19
stepsize,cp_coupled,pred-ls,8,1,4,2.10125300e+31
stepsize,cp_coupled,pred-ls,8,1,5,7.14224600e+30
stepsize,cp_coupled,pred-ls,8,1,6,2.32958200e+30
stepsize,cp_coupled,pred-ls,8,1,7,2.82512300e+31
stepsize,cp_coupled,pred-ls,8,1,8,6.52218000e+31
stepsize,cp_coupled,pred-ls,8,1,9,6.41010500e+31
stepsize,cp_coupled,pred-ls,8,1,10,4.29429300e+43
stepsize,cp_coupled,pred-ls,8,1,11,1.63124300e+49
stepsize,cp_coupled,pred-ls,8,1,12,1.05405900e+49
stepsize,cp_coupled,pred-ls,8,1,13,1.29970400e+49
stepsize,cp_coupled,pred-ls,8,1,14,4.41600700e+50
stepsize,cp_coupled,pred-ls,8,1,15,2.07332100e+52
stepsize,cp_coupled,pred-ls,8,1,16,1.26938100e+52
stepsize,cp_coupled,pred-ls,8,1,17,6.51903500e+55
stepsize,cp_coupled,pred-ls,8,1,18,6.06460300e+61
stepsize,cp_coupled,pred-ls,8,1,19,1.70269300e+66
stepsize,cp_coupled,pred-ls,8,1,20,6.29743600e+65
stepsize,cp_coupled,pred-ls,8,1,21,1.68920800e+69
stepsize,cp_coupled,pred-ls,8,1,22,2.14939600e+71
stepsize,cp_coupled,pred-ls,8,1,23,4.21700800e+87
stepsize,cp_coupled,pred-ls,8,1,24,5.30331800e+87
stepsize,cp_coupled,pred-ls,8,1,25,1.82226700e+87
stepsize,cp_coupled,pred-ls,8,1,26,6.26147300e+86
stepsize,cp_coupled,pred-ls,8,1,27,2.15149800e+86
stepsize,cp_coupled,pred-ls,8,1,28,7.39273900e+85
stepsize,cp_coupled,pred-ls,8,1,29,2.54021100e+85
stepsize,cp_coupled,pred-ls,8,1,30,8.72839200e+84
stepsize,cp_coupled,pred-ls,8,1,31,2.99915300e+84
stepsize,cp_coupled,pred-ls,8,1,32,1.03053600e+84
stepsize,cp_coupled,pred-ls,8,1,33,3.54101300e+83
stepsize,cp_coupled,pred-ls,8,1,34,2.80701800e+95
stepsize,cp_coupled,pred-ls,8,1,35,7.58209800e+94
stepsize,cp_coupled,pred-ls,8,1,36,2.60527700e+94
stepsize,cp_coupled,pred-ls,8,1,37,8.95196300e+93
stepsize,cp_coupled,pred-ls,8,1,38,3.07597400e+93
stepsize,cp_coupled,pred-ls,8,1,39,1.05693200e+93
stepsize,cp_coupled,pred-ls,8,1,40,3.63171300e+92
stepsize,cp_coupled,pred-ls,8,1,41,1.24788900e+92
stepsize,cp_coupled,pred-ls,8,1,42,4.28785800e+91
stepsize,cp_coupled,pred-ls,8,1,43,1.47334600e+91
stepsize,cp_coupled,pred-ls,8,1,44,5.06254900e+90
stepsize,cp_coupled,pred-ls,8,1,45,1.73953700e+90
stepsize,cp_coupled,pred-ls,8,1,46,5.97720400e+89
stepsize,cp_coupled,pred-ls,8,1,47,2.05382100e+89
stepsize,cp_coupled,pred-ls,8,1,48,7.05711100e+88
stepsize,cp_coupled,pred-ls,8,1,49,2.42488600e+88
stepsize,cp_coupled,pred-ls,8,2,0,2.91573800e+04
stepsize,cp_coupled,pred-ls,8,2,1,5.18082500e+27
stepsize,cp_coupled,pred-ls,8,2,2,2.92065000e+27
stepsize,cp_coupled,pred-ls,8,2,3,1.89083400e+31
stepsize,cp_coupled,pred-ls,8,2,4,7.35695100e+36
stepsize,cp_coupled,pred-ls,8,2,5,2.45782100e+40
stepsize,cp_coupled,pred-ls,8,2,6,8.18058700e+39
stepsize,cp_coupled,pred-ls,8,2,7,1.38546700e+42
stepsize,cp_coupled,pred-ls,8,2,8,1.02642300e+44
stepsize,cp_coupled,pred-ls,8,2,9,4.09409200e+43
stepsize,cp_coupled,pred-ls,8,2,10,3.89886500e+43
stepsize,cp_coupled,pred-ls,8,2,11,6.81143100e+52
stepsize,cp_coupled,pred-ls,8,2,12,1.18141200e+53
stepsize,cp_coupled,pred-ls,8,2,13,1.19501500e+55
stepsize,cp_coupled,pred-ls,8,2,14,5.94349800e+55
stepsize,cp_coupled,pred-ls,8,2,15,3.54290500e+55
stepsize,cp_coupled,pred-ls,8,2,16,1.09542500e+59
stepsize,cp_coupled,pred-ls,8,2,17,3.78533800e+58
stepsize,cp_coupled,pred-ls,8,2,18,8.81268200e+57
stepsize,cp_coupled,pred-ls,8,2,19,1.92847100e+58
stepsize,cp_coupled,pred-ls,8,2,20,4.95095500e+60
stepsize,cp_coupled,pred-ls,8,2,21,2.80455800e+61
stepsize,cp_coupled,pred-ls,8,2,22,1.31534200e+63
stepsize,cp_coupled,pred-ls,8,2,23,5.35470800e+63
stepsize,cp_coupled,pred-ls,8,2,24,9.21676200e+65
stepsize,cp_coupled,pred-ls,8,2,25,2.15918500e+70
stepsize,cp_coupled,pred-ls,8,2,26,1.10249100e+75
stepsize,cp_coupled,pred-ls,8,2,27,3.78825600e+74
stepsize,cp_coupled,pred-ls,8,2,28,8.10067200e+80
stepsize,cp_coupled,pred-ls,8,2,29,2.78346300e+80
stepsize,cp_coupled,pred-ls,8,2,30,1.81902400e+87
stepsize,cp_coupled,pred-ls,8,2,31,6.25033000e+86
stepsize,cp_coupled,pred-ls,8,2,32,2.14766900e+86
stepsize,cp_coupled,pred-ls,8,2,33,7.37958200e+85
stepsize,cp_coupled,pred-ls,8,2,34,2.53569000e+85
stepsize,cp_coupled,pred-ls,8,2,35,8.71285800e+84
stepsize,cp_coupled,pred-ls,8,2,36,2.99381600e+84
stepsize,cp_coupled,pred-ls,8,2,37,1.02870200e+84
stepsize,cp_coupled,pred-ls,8,2,38,3.53471100e+83
stepsize,cp_coupled,pred-ls,8,2,39,1.21455800e+83
stepsize,cp_coupled,pred-ls,8,2,40,4.17333000e+82
stepsize,cp_coupled,pred-ls,8,2,41,1.43399300e+82
stepsize,cp_coupled,pred-ls,8,2,42,4.92732900e+81
stepsize,cp_coupled,pred-ls,8,2,43,1.69307400e+81
stepsize,cp_coupled,pred-ls,8,2,44,5.81755400e+80
stepsize,cp_coupled,pred-ls,8,2,45,2.88298600e+82
stepsize,cp_coupled,pred-ls,8,2,46,9.90619800e+81
stepsize,cp_coupled,pred-ls,8,2,47,3.40385800e+81
stepsize,cp_coupled,pred-ls,8,2,48,1.16959600e+81
stepsize,cp_coupled,pred-ls,8,2,49,4.01883600e+80
stepsize,cp_coupled,pred-ls,8,5,0,1.11226600e+08
stepsize,cp_coupled,pred-ls,8,5,1,1.46167300e+24
stepsize,cp_coupled,pred-ls,8,5,2,1.11921900e+31
stepsize,cp_coupled,pred-ls,8,5,3,3.02741800e+30
stepsize,cp_coupled,pred-ls,8,5,4,1.09022800e+30
stepsize,cp_coupled,pred-ls,8,5,5,5.95892200e+34
stepsize,cp_coupled,pred-ls,8,5,6,2.53185100e+34
stepsize,cp_coupled,pred-ls,8,5,7,4.11854400e+35
stepsize,cp_coupled,pred-ls,8,5,8,2.44201900e+41
stepsize,cp_coupled,pred-ls,8,5,9,2.37892700e+48
stepsize,cp_coupled,pred-ls,8,5,10,4.75364300e+48
stepsize,cp_coupled,pred-ls,8,5,11,9.06478300e+48
stepsize,cp_coupled,pred-ls,8,5,12,8.37441900e+51
stepsize,cp_coupled,pred-ls,8,5,13,7.82439300e+52
stepsize,cp_coupled,pred-ls,8,5,14,8.83057400e+53
stepsize,cp_coupled,pred-ls,8,5,15,2.19822800e+53
stepsize,cp_coupled,pred-ls,8,5,16,2.63089300e+56
stepsize,cp_coupled,pred-ls,8,5,17,4.29885200e+56
stepsize,cp_coupled,pred-ls,8,5,18,2.76804200e+58
stepsize,cp_coupled,pred-ls,8,5,19,1.50745600e+58
stepsize,cp_coupled,pred-ls,8,5,20,1.41935900e+62
stepsize,cp_coupled,pred-ls,8,5,21,1.12578300e+64
stepsize,cp_coupled,pred-ls,8,5,22,1.38365800e+66
stepsize,cp_coupled,pred-ls,8,5,23,5.95035700e+66
stepsize,cp_coupled,pred-ls,8,5,24,1.18345100e+74
stepsize,cp_coupled,pred-ls,8,5,25,1.44265000e+75
stepsize,cp_coupled,pred-ls,8,5,26,4.95707400e+74
stepsize,cp_coupled,pred-ls,8,5,27,1.85653400e+75
stepsize,cp_coupled,pred-ls,8,5,28,2.61963800e+74
stepsize,cp_coupled,pred-ls,8,5,29,7.68734700e+73
stepsize,cp_coupled,pred-ls,8,5,30,2.81612800e+73
stepsize,cp_coupled,pred-ls,8,5,31,7.44966500e+72
stepsize,cp_coupled,pred-ls,8,5,32,9.76012000e+72
stepsize,cp_coupled,pred-ls,8,5,33,1.04080800e+72
stepsize,cp_coupled,pred-ls,8,5,34,3.28804800e+71
stepsize,cp_coupled,pred-ls,8,5,35,2.10005000e+81
stepsize,cp_coupled,pred-ls,8,5,36,1.50579200e+93
stepsize,cp_coupled,pred-ls,8,5,37,5.17403400e+92
stepsize,cp_coupled,pred-ls,8,5,38,1.77784400e+92
stepsize,cp_coupled,pred-ls,8,5,39,6.10883200e+91
stepsize,cp_coupled,pred-ls,8,5,40,2.09904900e+91
stepsize,cp_coupled,pred-ls,8,5,41,7.21251900e+90
stepsize,cp_coupled,pred-ls,8,5,42,2.47828600e+90
stepsize,cp_coupled,pred-ls,8,5,43,8.51561200e+89
stepsize,cp_coupled,pred-ls,8,5,44,2.92604000e+89
stepsize,cp_coupled,pred-ls,8,5,45,1.00541300e+89
stepsize,cp_coupled,pred-ls,8,5,46,3.45469000e+88
stepsize,cp_coupled,pred-ls,8,5,47,1.18706200e+88
stepsize,cp_coupled,pred-ls,8,5,48,4.07885200e+87
stepsize,cp_coupled,pred-ls,8,5,49,1.40153000e+87
stepsize,cp_coupled,pred-ls,8,10,0,5.69480000e+10
stepsize,cp_coupled,pred-ls,8,10,1,1.41899200e+18
stepsize,cp_coupled,pred-ls,8,10,2,2.72522600e+22
stepsize,cp_coupled,pred-ls,8,10,3,2.24945600e+31
stepsize,cp_coupled,pred-ls,8,10,4,4.48499400e+36
stepsize,cp_coupled,pred-ls,8,10,5,3.34576700e+37
stepsize,cp_coupled,pred-ls,8,10,6,8.23264400e+38
stepsize,cp_coupled,pred-ls,8,10,7,1.29702900e+44
stepsize,cp_coupled,pred-ls,8,10,8,1.28175700e+44
stepsize,cp_coupled,pred-ls,8,10,9,1.20930300e+44
stepsize,cp_coupled,pred-ls,8,10,10,3.81119800e+44
stepsize,cp_coupled,pred-ls,8,10,11,3.65920200e+45
stepsize,cp_coupled,pred-ls,8,10,12,4.14233800e+49
stepsize,cp_coupled,pred-ls,8,10,13,2.36444000e+51
stepsize,cp_coupled,pred-ls,8,10,14,1.51161100e+51
stepsize,cp_coupled,pred-ls,8,10,15,5.35216400e+64
stepsize,cp_coupled,pred-ls,8,10,16,9.47681800e+64
stepsize,cp_coupled,pred-ls,8,10,17,1.14790500e+67
stepsize,cp_coupled,pred-ls,8,10,18,2.29135400e+76
stepsize,cp_coupled,pred-ls,8,10,19,2.32846800e+76
stepsize,cp_coupled,pred-ls,8,10,20,1.39391000e+78
stepsize,cp_coupled,pred-ls,8,10,21,4.78959800e+77
stepsize,cp_coupled,pred-ls,8,10,22,1.64574900e+77
stepsize,cp_coupled,pred-ls,8,10,23,5.65493900e+76
stepsize,cp_coupled,pred-ls,8,10,24,1.94308800e+76
stepsize,cp_coupled,pred-ls,8,10,25,1.64043700e+78
stepsize,cp_coupled,pred-ls,8,10,26,5.84597100e+82
stepsize,cp_coupled,pred-ls,8,10,27,2.00872800e+82
stepsize,cp_coupled,pred-ls,8,10,28,6.90216800e+81
stepsize,cp_coupled,pred-ls,8,10,29,2.37164700e+81
stepsize,cp_coupled,pred-ls,8,10,30,8.14918900e+80
stepsize,cp_coupled,pred-ls,8,10,31,3.22070000e+80
stepsize,cp_coupled,pred-ls,8,10,32,4.48644100e+80
stepsize,cp_coupled,pred-ls,8,10,33,5.32865900e+91
stepsize,cp_coupled,pred-ls,8,10,34,1.83097500e+91
stepsize,cp_coupled,pred-ls,8,10,35,6.29139200e+90
stepsize,cp_coupled,pred-ls,8,20,0,2.91573800e+13
stepsize,cp_coupled,pred-ls,8,20,1,3.11833700e+21
stepsize,cp_coupled,pred-ls,8,20,2,5.45967300e+24
stepsize,cp_coupled,pred-ls,8,20,3,3.37160700e+36
stepsize,cp_coupled,pred-ls,8,20,4,1.50361500e+36
stepsize,cp_coupled,pred-ls,8,20,5,2.84638300e+37
stepsize,cp_coupled,pred-ls,8,20,6,2.31061500e+44
stepsize,cp_coupled,pred-ls,8,20,7,5.85339400e+48
stepsize,cp_coupled,pred-ls,8,20,8,1.84266400e+49
stepsize,cp_coupled,pred-ls,8,20,9,1.20250100e+51
stepsize,cp_coupled,pred-ls,8,20,10,1.49131700e+58
stepsize,cp_coupled,pred-ls,8,20,11,7.74868900e+57
stepsize,cp_coupled,pred-ls,8,20,12,2.13896500e+59
stepsize,cp_coupled,pred-ls,8,20,13,3.42461000e+61
stepsize,cp_coupled,pred-ls,8,20,14,1.32787300e+62
stepsize,cp_coupled,pred-ls,8,20,15,6.11071100e+70
stepsize,cp_coupled,pred-ls,8,20,16,7.06447300e+74
stepsize,cp_coupled,pred-ls,8,20,17,1.55244700e+76
stepsize,cp_coupled,pred-ls,8,20,18,8.04263600e+80
stepsize,cp_coupled,pred-ls,8,20,19,1.40818900e+84
stepsize,cp_coupled,pred-ls,8,20,20,4.83866400e+83
stepsize,cp_coupled,pred-ls,8,20,21,1.66260800e+83
stepsize,cp_coupled,pred-ls,8,20,22,5.71286900e+82
stepsize,cp_coupled,pred-ls,8,20,23,1.96299300e+82
stepsize,cp_coupled,pred-ls,8,20,24,6.74501800e+81
stepsize,cp_coupled,pred-ls,8,20,25,3.26954000e+83
stepsize,cp_coupled,pred-ls,8,20,26,4.81043200e+91
stepsize,cp_coupled,pred-ls,8,20,27,1.65290700e+91
stepsize,cp_coupled,pred-ls,8,20,28,7.27989600e+97
stepsize,cp_coupled,pred-ls,8,20,29,2.50143700e+97
stepsize,cp_coupled,pred-ls,8,20,30,8.59516100e+96
stepsize,cp_coupled,pred-ls,8,20,31,2.95337400e+96
stepsize,cp_coupled,pred-ls,8,20,32,1.01480600e+96
stepsize,cp_coupled,pred-ls,8,20,33,3.48696300e+95
stepsize,cp_coupled,pred-ls,8,20,34,1.19815100e+95
stepsize,cp_coupled,pred-ls,8,20,35,4.11695500e+94
stepsize,cp_coupled,pred-ls,8,20,36,1.41462300e+94
stepsize,cp_coupled,pred-ls,8,20,37,4.86076900e+93
stepsize,cp_coupled,pred-ls,8,20,38,1.67020400e+93
stepsize,cp_coupled,pred-ls,8,20,39,5.73896800e+92
stepsize,cp_coupled,pred-ls,8,20,40,1.97196100e+92
stepsize,cp_coupled,pred-ls,8,20,41,6.77583300e+91
stepsize,cp_coupled,pred-ls,8,20,42,2.32823700e+91
stepsize,cp_coupled,pred-ls,8,20,43,8.00002800e+90
stepsize,cp_coupled,pred-ls,8,20,44,2.74888100e+90
stepsize,cp_coupled,pred-ls,8,20,45,9.44540100e+89
stepsize,cp_coupled,pred-ls,8,20,46,3.24552400e+89
stepsize,cp_coupled,pred-ls,8,20,47,1.11519100e+89
stepsize,cp_coupled,pred-ls,8,20,48,3.83189500e+88
stepsize,cp_coupled,pred-ls,8,20,49,1.31667300e+88
stepsize,cp_coupled,nopred+ls,8,1,0,3.52865300e-01
stepsize,cp_coupled,nopred+ls,8,1,1,4.45749500e+02
stepsize,cp_coupled,nopred+ls,8,1,2,1.43431200e+02
stepsize,cp_coupled,nopred+ls,8,1,3,4.43320000e+01
stepsize,cp_coupled,nopred+ls,8,1,4,1.44116500e+01
stepsize,cp_coupled,nopred+ls,8,1,5,3.33421900e+00
stepsize,cp_coupled,nopred+ls,8,1,6,5.06802800e-01
stepsize,cp_coupled,nopred+ls,8,1,7,1.53673900e-01
stepsize,cp_coupled,nopred+ls,8,1,8,6.89112200e-02
stepsize,cp_coupled,nopred+ls,8,1,9,6.54607800e-02
stepsize,cp_coupled,nopred+ls,8,1,10,2.20248900e-02
stepsize,cp_coupled,nopred+ls,8,1,11,3.59377900e-04
stepsize,cp_coupled,nopred+ls,8,1,12,1.44728900e-07
stepsize,cp_coupled,nopred+ls,8,1,13,2.93099800e-14
stepsize,cp_coupled,nopred+ls,8,2,0,3.56461600e-01
stepsize,cp_coupled,nopred+ls,8,2,1,2.27728800e+05
stepsize,cp_coupled,nopred+ls,8,2,2,1.26791800e+05
stepsize,cp_coupled,nopred+ls,8,2,3,1.13247400e+05
stepsize,cp_coupled,nopred+ls,8,2,4,8.75408800e+04
stepsize,cp_coupled,nopred+ls,8,2,5,2.12831900e+06
stepsize,cp_coupled,nopred+ls,8,2,6,5.34048500e+08
stepsize,cp_coupled,nopred+ls,8,2,7,1.31825300e+15
stepsize,cp_coupled,nopred+ls,8,2,8,1.08890400e+22
stepsize,cp_coupled,nopred+ls,8,2,9,1.15741700e+22
stepsize,cp_coupled,nopred+ls,8,2,10,1.06283800e+22
stepsize,cp_coupled,nopred+ls,8,2,11,3.87339800e+21
stepsize,cp_coupled,nopred+ls,8,2,12,1.05872800e+21
stepsize,cp_coupled,nopred+ls,8,2,13,1.13714300e+21
stepsize,cp_coupled,nopred+ls,8,2,14,9.00698400e+20
stepsize,cp_coupled,nopred+ls,8,2,15,6.15322200e+21
stepsize,cp_coupled,nopred+ls,8,2,16,4.11297700e+21
stepsize,cp_coupled,nopred+ls,8,2,17,3.56467500e+21
stepsize,cp_coupled,nopred+ls,8,2,18,2.98711300e+21
stepsize,cp_coupled,nopred+ls,8,2,19,2.23505300e+28
stepsize,cp_coupled,nopred+ls,8,2,20,1.48742000e+28
stepsize,cp_coupled,nopred+ls,8,2,21,1.17220100e+28
stepsize,cp_coupled,nopred+ls,8,2,22,3.81304300e+31
stepsize,cp_coupled,nopred+ls,8,2,23,2.31675700e+31
stepsize,cp_coupled,nopred+ls,8,2,24,2.09971400e+31
stepsize,cp_coupled,nopred+ls,8,2,25,2.99940200e+31
stepsize,cp_coupled,nopred+ls,8,2,26,2.08713500e+31
stepsize,cp_coupled,nopred+ls,8,2,27,1.72888200e+31
stepsize,cp_coupled,nopred+ls,8,2,28,1.39743600e+31
stepsize,cp_coupled,nopred+ls,8,2,29,8.60996600e+31
stepsize,cp_coupled,nopred+ls,8,2,30,7.57194400e+31
stepsize,cp_coupled,nopred+ls,8,2,31,5.42619800e+32
stepsize,cp_coupled,nopred+ls,8,2,32,5.52658800e+32
stepsize,cp_coupled,nopred+ls,8,2,33,4.56305800e+32
stepsize,cp_coupled,nopred+ls,8,2,34,2.67723400e+32
stepsize,cp_coupled,nopred+ls,8,2,35,1.64830300e+32
stepsize,cp_coupled,nopred+ls,8,2,36,1.34992500e+32
stepsize,cp_coupled,nopred+ls,8,2,37,1.13814400e+32
stepsize,cp_coupled,nopred+ls,8,2,38,1.01817000e+32
stepsize,cp_coupled,nopred+ls,8,2,39,9.89309100e+31
stepsize,cp_coupled,nopred+ls,8,2,40,3.06310100e+35
stepsize,cp_coupled,nopred+ls,8,2,41,2.05653400e+35
stepsize,cp_coupled,nopred+ls,8,2,42,1.95138000e+35
stepsize,cp_coupled,nopred+ls,8,2,43,1.74754100e+35
stepsize,cp_coupled,nopred+ls,8,2,44,1.78601400e+35
stepsize,cp_coupled,nopred+ls,8,2,45,1.58814300e+35
stepsize,cp_coupled,nopred+ls,8,2,46,8.33928400e+34
stepsize,cp_coupled,nopred+ls,8,2,47,7.70010300e+34
stepsize,cp_coupled,nopred+ls,8,2,48,7.51095900e+34
stepsize,cp_coupled,nopred+ls,8,2,49,5.84476200e+34
stepsize,cp_coupled,nopred+ls,8,5,0,3.69749400e-01
stepsize,cp_coupled,nopred+ls,8,5,1,8.57826600e+08
stepsize,cp_coupled,nopred+ls,8,5,2,4.02331300e+08
stepsize,cp_coupled,nopred+ls,8,5,3,2.29435800e+08
stepsize,cp_coupled,nopred+ls,8,5,4,3.53649600e+08
stepsize,cp_coupled,nopred+ls,8,5,5,3.30545900e+08
stepsize,cp_coupled,nopred+ls,8,5,6,1.07817000e+08
stepsize,cp_coupled,nopred+ls,8,5,7,6.52883400e+07
stepsize,cp_coupled,nopred+ls,8,5,8,5.99276900e+07
stepsize,cp_coupled,nopred+ls,8,5,9,1.06725800e+13
stepsize,cp_coupled,nopred+ls,8,5,10,1.14800500e+13
stepsize,cp_coupled,nopred+ls,8,5,11,9.04034200e+12
stepsize,cp_coupled,nopred+ls,8,5,12,1.15222700e+13
stepsize,cp_coupled,nopred+ls,8,5,13,1.02704200e+13
stepsize,cp_coupled,nopred+ls,8,5,14,1.50271300e+30
stepsize,cp_coupled,nopred+ls,8,5,15,1.37323300e+30
stepsize,cp_coupled,nopred+ls,8,5,16,3.53569800e+29
stepsize,cp_coupled,nopred+ls,8,5,17,2.20543800e+29
stepsize,cp_coupled,nopred+ls,8,5,18,1.98606800e+29
stepsize,cp_coupled,nopred+ls,8,5,19,2.06231500e+29
stepsize,cp_coupled,nopred+ls,8,5,20,4.36421900e+29
stepsize,cp_coupled,nopred+ls,8,5,21,4.06451400e+29
stepsize,cp_coupled,nopred+ls,8,5,22,2.86249700e+29
stepsize,cp_coupled,nopred+ls,8,5,23,2.23004800e+29
stepsize,cp_coupled,nopred+ls,8,5,24,8.96265400e+28
stepsize,cp_coupled,nopred+ls,8,5,25,9.10969900e+28
stepsize,cp_coupled,nopred+ls,8,5,26,7.94717300e+28
stepsize,cp_coupled,nopred+ls,8,5,27,1.41571800e+29
stepsize,cp_coupled,nopred+ls,8,5,28,1.31887000e+29
stepsize,cp_coupled,nopred+ls,8,5,29,1.19522700e+30
stepsize,cp_coupled,nopred+ls,8,5,30,1.02699100e+30
stepsize,cp_coupled,nopred+ls,8,5,31,8.80970600e+31
stepsize,cp_coupled,nopred+ls,8,5,32,2.22318700e+37
stepsize,cp_coupled,nopred+ls,8,5,33,1.21319100e+37
stepsize,cp_coupled,nopred+ls,8,5,34,1.12065400e+37
stepsize,cp_coupled,nopred+ls,8,5,35,1.02618700e+37
stepsize,cp_coupled,nopred+ls,8,5,36,3.27077600e+40
stepsize,cp_coupled,nopred+ls,8,5,37,1.89570500e+40
stepsize,cp_coupled,nopred+ls,8,5,38,1.28319000e+40
stepsize,cp_coupled,nopred+ls,8,5,39,1.07779100e+40
stepsize,cp_coupled,nopred+ls,8,5,40,7.09507200e+43
stepsize,cp_coupled,nopred+ls,8,5,41,6.97680200e+44
stepsize,cp_coupled,nopred+ls,8,5,42,1.22663200e+45
stepsize,cp_coupled,nopred+ls,8,5,43,1.45824700e+45
stepsize,cp_coupled,nopred+ls,8,5,44,1.00912700e+46
stepsize,cp_coupled,nopred+ls,8,5,45,2.23963300e+46
stepsize,cp_coupled,nopred+ls,8,5,46,2.95728000e+46
stepsize,cp_coupled,nopred+ls,8,5,47,9.33932800e+46
stepsize,cp_coupled,nopred+ls,8,5,48,1.53284700e+46
stepsize,cp_coupled,nopred+ls,8,5,49,9.83931700e+45
stepsize,cp_coupled,nopred+ls,8,10,0,3.99327400e-01
stepsize,cp_coupled,nopred+ls,8,10,1,4.21784700e+11
stepsize,cp_coupled,nopred+ls,8,10,2,1.52292500e+11
stepsize,cp_coupled,nopred+ls,8,10,3,3.47981900e+10
stepsize,cp_coupled,nopred+ls,8,10,4,6.83175500e+15
stepsize,cp_coupled,nopred+ls,8,10,5,2.16608500e+18
stepsize,cp_coupled,nopred+ls,8,10,6,1.60120900e+18
stepsize,cp_coupled,nopred+ls,8,10,7,4.80744200e+18
stepsize,cp_coupled,nopred+ls,8,10,8,1.06425900e+18
stepsize,cp_coupled,nopred+ls,8,10,9,4.76493700e+20
stepsize,cp_coupled,nopred+ls,8,10,10,1.37489000e+21
stepsize,cp_coupled,nopred+ls,8,10,11,8.81732900e+23
stepsize,cp_coupled,nopred+ls,8,10,12,3.52115300e+23
stepsize,cp_coupled,nopred+ls,8,10,13,3.07931600e+23
stepsize,cp_coupled,nopred+ls,8,10,14,1.54679700e+25
stepsize,cp_coupled,nopred+ls,8,10,15,1.47916700e+25
stepsize,cp_coupled,nopred+ls,8,10,16,1.31243100e+25
stepsize,cp_coupled,nopred+ls,8,10,17,6.92814400e+23
stepsize,cp_coupled,nopred+ls,8,10,18,5.53299500e+23
stepsize,cp_coupled,nopred+ls,8,10,19,5.00502900e+25
stepsize,cp_coupled,nopred+ls,8,10,20,5.61584900e+25
stepsize,cp_coupled,nopred+ls,8,10,21,1.49375200e+26
stepsize,cp_coupled,nopred+ls,8,10,22,1.21271700e+26
stepsize,cp_coupled,nopred+ls,8,10,23,6.76831600e+26
stepsize,cp_coupled,nopred+ls,8,10,24,7.55537300e+26
stepsize,cp_coupled,nopred+ls,8,10,25,7.23122500e+26
stepsize,cp_coupled,nopred+ls,8,10,26,6.35584600e+26
stepsize,cp_coupled,nopred+ls,8,10,27,9.96042100e+27
stepsize,cp_coupled,nopred+ls,8,10,28,8.52981200e+27
stepsize,cp_coupled,nopred+ls,8,10,29,7.40594300e+27
stepsize,cp_coupled,nopred+ls,8,10,30,1.00380400e+28
stepsize,cp_coupled,nopred+ls,8,10,31,2.46908800e+28
stepsize,cp_coupled,nopred+ls,8,10,32,3.30343800e+35
stepsize,cp_coupled,nopred+ls,8,10,33,4.20627900e+36
stepsize,cp_coupled,nopred+ls,8,10,34,3.47196100e+36
stepsize,cp_coupled,nopred+ls,8,10,35,1.96303700e+36
stepsize,cp_coupled,nopred+ls,8,10,36,6.87437800e+41
stepsize,cp_coupled,nopred+ls,8,10,37,2.80641800e+41
stepsize,cp_coupled,nopred+ls,8,10,38,3.00963700e+41
stepsize,cp_coupled,nopred+ls,8,10,39,3.95959600e+41
stepsize,cp_coupled,nopred+ls,8,10,40,4.65393200e+41
stepsize,cp_coupled,nopred+ls,8,10,41,1.41845300e+43
stepsize,cp_coupled,nopred+ls,8,10,42,3.24977900e+41
stepsize,cp_coupled,nopred+ls,8,10,43,5.07296700e+40
stepsize,cp_coupled,nopred+ls,8,10,44,1.71932700e+40
stepsize,cp_coupled,nopred+ls,8,10,45,7.65337100e+39
stepsize,cp_coupled,nopred+ls,8,10,46,5.63072300e+39
stepsize,cp_coupled,nopred+ls,8,10,47,6.93353500e+38
stepsize,cp_coupled,nopred+ls,8,10,48,2.34355700e+38
stepsize,cp_coupled,nopred+ls,8,10,49,8.64643400e+37
stepsize,cp_coupled,nopred+ls,8,20,0,4.79630400e-01
stepsize,cp_coupled,nopred+ls,8,20,1,1.87323400e+14
stepsize,cp_coupled,nopred+ls,8,20,2,9.92043200e+13
stepsize,cp_coupled,nopred+ls,8,20,3,8.05301800e+13
stepsize,cp_coupled,nopred+ls,8,20,4,2.39468900e+14
stepsize,cp_coupled,nopred+ls,8,20,5,2.26446400e+14
stepsize,cp_coupled,nopred+ls,8,20,6,2.60163700e+15
stepsize,cp_coupled,nopred+ls,8,20,7,2.43714500e+15
stepsize,cp_coupled,nopred+ls,8,20,8,1.40758900e+15
stepsize,cp_coupled,nopred+ls,8,20,9,2.08480700e+32
stepsize,cp_coupled,nopred+ls,8,20,10,2.00796200e+31
stepsize,cp_coupled,nopred+ls,8,20,11,9.46419700e+32
stepsize,cp_coupled,nopred+ls,8,20,12,3.20576200e+32
stepsize,cp_coupled,nopred+ls,8,20,13,2.89111700e+32
stepsize,cp_coupled,nopred+ls,8,20,14,1.67046400e+32
stepsize,cp_coupled,nopred+ls,8,20,15,2.74540700e+32
stepsize,cp_coupled,nopred+ls,8,20,16,1.61220500e+32
stepsize,cp_coupled,nopred+ls,8,20,17,1.56083700e+32
stepsize,cp_coupled,nopred+ls,8,20,18,1.54943300e+32
stepsize,cp_coupled,nopred+ls,8,20,19,1.71070800e+32
stepsize,cp_coupled,nopred+ls,8,20,20,2.07959500e+32
stepsize,cp_coupled,nopred+ls,8,20,21,2.21416000e+32
stepsize,cp_coupled,nopred+ls,8,20,22,2.02414300e+32
stepsize,cp_coupled,nopred+ls,8,20,23,4.20954000e+33
stepsize,cp_coupled,nopred+ls,8,20,24,1.44137200e+37
stepsize,cp_coupled,nopred+ls,8,20,25,1.11217200e+37
stepsize,cp_coupled,nopred+ls,8,20,26,4.74628200e+39
stepsize,cp_coupled,nopred+ls,8,20,27,2.81029000e+51
stepsize,cp_coupled,nopred+ls,8,20,28,2.16523900e+51
stepsize,cp_coupled,nopred+ls,8,20,29,5.72040900e+51
stepsize,cp_coupled,nopred+ls,8,20,30,2.05020700e+52
stepsize,cp_coupled,nopred+ls,8,20,31,7.61772800e+52
stepsize,cp_coupled,nopred+ls,8,20,32,9.03559000e+51
stepsize,cp_coupled,nopred+ls,8,20,33,3.02186700e+51
stepsize,cp_coupled,nopred+ls,8,20,34,1.98000600e+51
stepsize,cp_coupled,nopred+ls,8,20,35,3.60354300e+51
stepsize,cp_coupled,nopred+ls,8,20,36,2.70757800e+50
stepsize,cp_coupled,nopred+ls,8,20,37,1.02623200e+51
stepsize,cp_coupled,nopred+ls,8,20,38,1.27293700e+51
stepsize,cp_coupled,nopred+ls,8,20,39,1.88515200e+50
stepsize,cp_coupled,nopred+ls,8,20,40,1.62038800e+50
stepsize,cp_coupled,nopred+ls,8,20,41,1.97496700e+50
stepsize,cp_coupled,nopred+ls,8,20,42,5.74779100e+51
stepsize,cp_coupled,nopred+ls,8,20,43,1.07425300e+49
stepsize,cp_coupled,nopred+ls,8,20,44,2.63038300e+48
stepsize,cp_coupled,nopred+ls,8,20,45,2.60342500e+48
stepsize,cp_coupled,nopred+ls,8,20,46,1.39854200e+48
stepsize,cp_coupled,nopred+ls,8,20,47,3.51388800e+47
stepsize,cp_coupled,nopred+ls,8,20,48,1.14681000e+47
stepsize,cp_coupled,nopred+ls,8,20,49,1.34770900e+48
stepsize,cp_coupled,nopred-ls,8,1,0,3.52865300e-01
stepsize,cp_coupled,nopred-ls,8,1,1,5.69162200e+09
stepsize,cp_coupled,nopred-ls,8,1,2,1.44489400e+17
stepsize,cp_coupled,nopred-ls,8,1,3,1.32191100e+34
stepsize,cp_coupled,nopred-ls,8,1,4,1.04168100e+34
stepsize,cp_coupled,nopred-ls,8,1,5,6.69096800e+36
stepsize,cp_coupled,nopred-ls,8,1,6,2.17564000e+49
stepsize,cp_coupled,nopred-ls,8,1,7,4.93540600e+49
stepsize,cp_coupled,nopred-ls,8,1,8,4.34221600e+49
stepsize,cp_coupled,nopred-ls,8,1,9,2.31434600e+49
stepsize,cp_coupled,nopred-ls,8,1,10,3.10067100e+48
stepsize,cp_coupled,nopred-ls,8,1,11,3.86358600e+50
stepsize,cp_coupled,nopred-ls,8,1,12,1.51203000e+52
stepsize,cp_coupled,nopred-ls,8,1,13,3.76730400e+57
stepsize,cp_coupled,nopred-ls,8,1,14,1.46409800e+62
stepsize,cp_coupled,nopred-ls,8,1,15,6.06302500e+61
stepsize,cp_coupled,nopred-ls,8,1,16,1.58065800e+73
stepsize,cp_coupled,nopred-ls,8,1,17,1.84632300e+74
stepsize,cp_coupled,nopred-ls,8,1,18,7.33828700e+73
stepsize,cp_coupled,nopred-ls,8,1,19,5.53608000e+76
stepsize,cp_coupled,nopred-ls,8,1,20,1.87272800e+76
stepsize,cp_coupled,nopred-ls,8,1,21,6.65883000e+75
stepsize,cp_coupled,nopred-ls,8,1,22,2.28803300e+75
stepsize,cp_coupled,nopred-ls,8,1,23,1.43809100e+78
stepsize,cp_coupled,nopred-ls,8,1,24,6.30666000e+77
stepsize,cp_coupled,nopred-ls,8,1,25,2.16702500e+77
stepsize,cp_coupled,nopred-ls,8,1,26,7.44609000e+76
stepsize,cp_coupled,nopred-ls,8,1,27,2.55854300e+76
stepsize,cp_coupled,nopred-ls,8,1,28,8.79138100e+75
stepsize,cp_coupled,nopred-ls,8,1,29,3.02079700e+75
stepsize,cp_coupled,nopred-ls,8,1,30,1.03797300e+75
stepsize,cp_coupled,nopred-ls,8,1,31,3.56656700e+74
stepsize,cp_coupled,nopred-ls,8,1,32,1.22550400e+74
stepsize,cp_coupled,nopred-ls,8,1,33,4.33945300e+85
stepsize,cp_coupled,nopred-ls,8,1,34,2.57961900e+91
stepsize,cp_coupled,nopred-ls,8,1,35,8.86380100e+90
stepsize,cp_coupled,nopred-ls,8,1,36,3.04568100e+90
stepsize,cp_coupled,nopred-ls,8,1,37,1.04652300e+90
stepsize,cp_coupled,nopred-ls,8,1,38,3.59594700e+89
stepsize,cp_coupled,nopred-ls,8,1,39,1.23559900e+89
stepsize,cp_coupled,nopred-ls,8,1,40,4.24563000e+88
stepsize,cp_coupled,nopred-ls,8,1,41,1.45883600e+88
stepsize,cp_coupled,nopred-ls,8,1,42,5.01269100e+87
stepsize,cp_coupled,nopred-ls,8,1,43,1.72240500e+87
stepsize,cp_coupled,nopred-ls,8,1,44,5.91833900e+86
stepsize,cp_coupled,nopred-ls,8,1,45,2.03359400e+86
stepsize,cp_coupled,nopred-ls,8,1,46,6.98761000e+85
stepsize,cp_coupled,nopred-ls,8,1,47,2.40100500e+85
stepsize,cp_coupled,nopred-ls,8,1,48,8.25006800e+84
stepsize,cp_coupled,nopred-ls,8,1,49,2.83479700e+84
stepsize,cp_coupled,nopred-ls,8,2,0,3.56461600e-01
stepsize,cp_coupled,nopred-ls,8,2,1,2.90918400e+12
stepsize,cp_coupled,nopred-ls,8,2,2,3.31912200e+20
stepsize,cp_coupled,nopred-ls,8,2,3,1.22583200e+28
stepsize,cp_coupled,nopred-ls,8,2,4,2.21955400e+36
stepsize,cp_coupled,nopred-ls,8,2,5,4.21877700e+41
stepsize,cp_coupled,nopred-ls,8,2,6,1.35543000e+48
stepsize,cp_coupled,nopred-ls,8,2,7,1.33630700e+48
stepsize,cp_coupled,nopred-ls,8,2,8,4.87314500e+50
stepsize,cp_coupled,nopred-ls,8,2,9,5.13065300e+52
stepsize,cp_coupled,nopred-ls,8,2,10,4.03411500e+53
stepsize,cp_coupled,nopred-ls,8,2,11,5.94664200e+60
stepsize,cp_coupled,nopred-ls,8,2,12,1.12943600e+61
stepsize,cp_coupled,nopred-ls,8,2,13,2.79545700e+74
stepsize,cp_coupled,nopred-ls,8,2,14,9.60544000e+73
stepsize,cp_coupled,nopred-ls,8,2,15,8.59824900e+83
stepsize,cp_coupled,nopred-ls,8,2,16,2.95443500e+83
stepsize,cp_coupled,nopred-ls,8,2,17,1.01517000e+83
stepsize,cp_coupled,nopred-ls,8,2,18,3.48821500e+82
stepsize,cp_coupled,nopred-ls,8,2,19,1.19858200e+82
stepsize,cp_coupled,nopred-ls,8,2,20,4.11843400e+81
stepsize,cp_coupled,nopred-ls,8,2,21,1.41513100e+81
stepsize,cp_coupled,nopred-ls,8,2,22,4.86251500e+80
stepsize,cp_coupled,nopred-ls,8,2,23,2.84175000e+86
stepsize,cp_coupled,nopred-ls,8,2,24,9.76450500e+85
stepsize,cp_coupled,nopred-ls,8,2,25,3.35517100e+85
stepsize,cp_coupled,nopred-ls,8,2,26,1.15286700e+85
stepsize,cp_coupled,nopred-ls,8,2,27,2.70013400e+93
stepsize,cp_coupled,nopred-ls,8,2,28,9.27790000e+92
stepsize,cp_coupled,nopred-ls,8,2,29,3.18796900e+92
stepsize,cp_coupled,nopred-ls,8,2,30,1.09541500e+92
stepsize,cp_coupled,nopred-ls,8,2,31,3.76394200e+91
stepsize,cp_coupled,nopred-ls,8,2,32,1.29332400e+91
stepsize,cp_coupled,nopred-ls,8,2,33,4.44397700e+90
stepsize,cp_coupled,nopred-ls,8,2,34,1.52699000e+90
stepsize,cp_coupled,nopred-ls,8,2,35,5.24687400e+89
stepsize,cp_coupled,nopred-ls,8,2,36,1.80287300e+89
stepsize,cp_coupled,nopred-ls,8,2,37,6.19483200e+88
stepsize,cp_coupled,nopred-ls,8,2,38,2.12859900e+88
stepsize,cp_coupled,nopred-ls,8,2,39,7.31405700e+87
stepsize,cp_coupled,nopred-ls,8,2,40,2.51317500e+87
stepsize,cp_coupled,nopred-ls,8,2,41,8.63549400e+86
stepsize,cp_coupled,nopred-ls,8,2,42,2.96723300e+86
stepsize,cp_coupled,nopred-ls,8,2,43,1.01956800e+86
stepsize,cp_coupled,nopred-ls,8,2,44,3.50332500e+85
stepsize,cp_coupled,nopred-ls,8,2,45,1.20377400e+85
stepsize,cp_coupled,nopred-ls,8,2,46,6.12492800e+85
stepsize,cp_coupled,nopred-ls,8,2,47,2.10458000e+85
stepsize,cp_coupled,nopred-ls,8,2,48,7.23152400e+84
stepsize,cp_coupled,nopred-ls,8,2,49,2.48481600e+84
stepsize,cp_coupled,nopred-ls,8,5,0,3.69749400e-01
stepsize,cp_coupled,nopred-ls,8,5,1,1.09641400e+16
stepsize,cp_coupled,nopred-ls,8,5,2,3.38961400e+27
stepsize,cp_coupled,nopred-ls,8,5,3,1.01080100e+29
stepsize,cp_coupled,nopred-ls,8,5,4,1.52219200e+37
stepsize,cp_coupled,nopred-ls,8,5,5,3.30249300e+40
stepsize,cp_coupled,nopred-ls,8,5,6,1.40070900e+50
stepsize,cp_coupled,nopred-ls,8,5,7,1.40743300e+52
stepsize,cp_coupled,nopred-ls,8,5,8,5.35216300e+51
stepsize,cp_coupled,nopred-ls,8,5,9,2.11955300e+51
stepsize,cp_coupled,nopred-ls,8,5,10,1.67278000e+51
stepsize,cp_coupled,nopred-ls,8,5,11,2.92092800e+59
stepsize,cp_coupled,nopred-ls,8,5,12,1.03342700e+59
stepsize,cp_coupled,nopred-ls,8,5,13,6.62307800e+60
stepsize,cp_coupled,nopred-ls,8,5,14,3.72575200e+65
stepsize,cp_coupled,nopred-ls,8,5,15,3.55763100e+65
stepsize,cp_coupled,nopred-ls,8,5,16,2.53921100e+65
stepsize,cp_coupled,nopred-ls,8,5,17,3.00902600e+73
stepsize,cp_coupled,nopred-ls,8,5,18,3.07711300e+77
stepsize,cp_coupled,nopred-ls,8,5,19,1.05732300e+77
stepsize,cp_coupled,nopred-ls,8,5,20,4.08319600e+85
stepsize,cp_coupled,nopred-ls,8,5,21,1.40302300e+85
stepsize,cp_coupled,nopred-ls,8,5,22,4.82091100e+84
stepsize,cp_coupled,nopred-ls,8,5,23,1.65650800e+84
stepsize,cp_coupled,nopred-ls,8,5,24,5.69190900e+83
stepsize,cp_coupled,nopred-ls,8,5,25,1.95579100e+83
stepsize,cp_coupled,nopred-ls,8,10,0,3.99327400e-01
stepsize,cp_coupled,nopred-ls,8,10,1,5.36968200e+18
stepsize,cp_coupled,nopred-ls,8,10,2,9.80700700e+24
stepsize,cp_coupled,nopred-ls,8,10,3,8.67063700e+35
stepsize,cp_coupled,nopred-ls,8,10,4,2.69371600e+45
stepsize,cp_coupled,nopred-ls,8,10,5,2.77681300e+50
stepsize,cp_coupled,nopred-ls,8,10,6,1.85561700e+57
stepsize,cp_coupled,nopred-ls,8,10,7,1.02690800e+57
stepsize,cp_coupled,nopred-ls,8,10,8,9.07235800e+64
stepsize,cp_coupled,nopred-ls,8,10,9,2.90531200e+67
stepsize,cp_coupled,nopred-ls,8,10,10,6.41145000e+68
stepsize,cp_coupled,nopred-ls,8,10,11,2.56280700e+84
stepsize,cp_coupled,nopred-ls,8,10,12,4.80052700e+84
stepsize,cp_coupled,nopred-ls,8,10,13,1.64950400e+84
stepsize,cp_coupled,nopred-ls,8,10,14,5.66784300e+83
stepsize,cp_coupled,nopred-ls,8,10,15,1.94752100e+83
stepsize,cp_coupled,nopred-ls,8,10,16,6.69185700e+82
stepsize,cp_coupled,nopred-ls,8,10,17,2.29938200e+82
stepsize,cp_coupled,nopred-ls,8,10,18,7.90088000e+81
stepsize,cp_coupled,nopred-ls,8,10,19,2.71481300e+81
stepsize,cp_coupled,nopred-ls,8,10,20,9.32833900e+80
stepsize,cp_coupled,nopred-ls,8,10,21,4.29582000e+83
stepsize,cp_coupled,nopred-ls,8,10,22,1.47608200e+83
stepsize,cp_coupled,nopred-ls,8,10,23,5.07194900e+82
stepsize,cp_coupled,nopred-ls,8,20,0,4.79630400e-01
stepsize,cp_coupled,nopred-ls,8,20,1,2.29904500e+21
stepsize,cp_coupled,nopred-ls,8,20,2,4.68477200e+32
stepsize,cp_coupled,nopred-ls,8,20,3,2.31970200e+36
stepsize,cp_coupled,nopred-ls,8,20,4,1.11227800e+47
stepsize,cp_coupled,nopred-ls,8,20,5,9.02866100e+46
stepsize,cp_coupled,nopred-ls,8,20,6,4.40040300e+48
stepsize,cp_coupled,nopred-ls,8,20,7,2.72849600e+49
stepsize,cp_coupled,nopred-ls,8,20,8,2.28177100e+50
stepsize,cp_coupled,nopred-ls,8,20,9,1.62144600e+52
stepsize,cp_coupled,nopred-ls,8,20,10,1.27363200e+52
stepsize,cp_coupled,nopred-ls,8,20,11,1.30431700e+53
stepsize,cp_coupled,nopred-ls,8,20,12,1.74996700e+52
stepsize,cp_coupled,nopred-ls,8,20,13,1.28648100e+57
stepsize,cp_coupled,nopred-ls,8,20,14,1.04989600e+58
stepsize,cp_coupled,nopred-ls,8,20,15,2.92597500e+68
stepsize,cp_coupled,nopred-ls,8,20,16,3.12145500e+68
stepsize,cp_coupled,nopred-ls,8,20,17,1.03081100e+69
stepsize,cp_coupled,nopred-ls,8,20,18,5.58171700e+70
stepsize,cp_coupled,nopred-ls,8,20,19,2.57029200e+70
stepsize,cp_coupled,nopred-ls,8,20,20,2.07411400e+70
stepsize,cp_coupled,nopred-ls,8,20,21,1.59089200e+76
stepsize,cp_coupled,nopred-ls,8,20,22,8.73218500e+75
stepsize,cp_coupled,nopred-ls,8,20,23,3.00045700e+75
stepsize,cp_coupled,nopred-ls,8,20,24,1.27785800e+77
stepsize,cp_coupled,nopred-ls,8,20,25,1.00100200e+79
stepsize,cp_coupled,nopred-ls,8,20,26,3.43953100e+78
stepsize,cp_coupled,nopred-ls,8,20,27,1.18185400e+78
stepsize,cp_coupled,nopred-ls,8,20,28,2.05189300e+78
stepsize,cp_coupled,nopred-ls,8,20,29,1.05759200e+88
stepsize,cp_coupled,nopred-ls,8,20,30,3.63398100e+87
stepsize,cp_coupled,nopred-ls,8,20,31,1.24866800e+87
stepsize,cp_coupled,nopred-ls,8,20,32,4.29053500e+86
stepsize,cp_coupled,nopred-ls,8,20,33,1.47426600e+86
stepsize,cp_coupled,nopred-ls,8,20,34,5.06571000e+85
stepsize,cp_coupled,nopred-ls,8,20,35,1.74062300e+85
stepsize,cp_coupled,nopred-ls,8,20,36,5.98093600e+84
stepsize,cp_coupled,nopred-ls,8,20,37,2.05510300e+84
stepsize,cp_coupled,nopred-ls,8,20,38,4.72095900e+89
stepsize,cp_coupled,nopred-ls,8,20,39,4.60449800e+100
stepsize,cp_coupled,nopred-ls,8,20,40,1.58214600e+100
stepsize,cp_coupled,nopred-ls,8,20,41,5.43639600e+99
stepsize,cp_coupled,nopred-ls,8,20,42,1.86799400e+99
stepsize,cp_coupled,nopred-ls,8,20,43,6.41859500e+98
stepsize,cp_coupled,nopred-ls,8,20,44,2.20548600e+98
stepsize,cp_coupled,nopred-ls,8,20,45,7.57824800e+97
stepsize,cp_coupled,nopred-ls,8,20,46,2.60395400e+97
stepsize,cp_coupled,nopred-ls,8,20,47,8.94741700e+96
stepsize,cp_coupled,nopred-ls,8,20,48,3.07441200e+96
stepsize,cp_coupled,nopred-ls,8,20,49,1.05639500e+96
arms,cp_decoupled,pred+ls,8,1,0,5.69479900e+01
arms,cp_decoupled,pred+ls,8,1,1,4.30540000e+01
arms,cp_decoupled,pred+ls,8,1,2,1.34287900e+01
arms,cp_decoupled,pred+ls,8,1,3,2.68593200e+00
arms,cp_decoupled,pred+ls,8,1,4,7.42115200e-01
arms,cp_decoupled,pred+ls,8,1,5,2.03759900e-01
arms,cp_decoupled,pred+ls,8,1,6,1.63272000e-01
arms,cp_decoupled,pred+ls,8,1,7,2.75257800e-02
arms,cp_decoupled,pred+ls,8,1,8,2.16530200e-02
arms,cp_decoupled,pred+ls,8,1,9,2.11043100e-02
arms,cp_decoupled,pred+ls,8,1,10,1.99799700e-02
arms,cp_decoupled,pred+ls,8,1,11,1.94090100e-02
arms,cp_decoupled,pred+ls,8,1,12,1.83815900e-02
arms,cp_decoupled,pred+ls,8,1,13,5.95661300e-03
arms,cp_decoupled,pred+ls,8,1,14,2.71638500e-05
arms,cp_decoupled,pred+ls,8,1,15,5.46202200e-10
arms,cp_decoupled,pred+ls,8,1,16,1.59872300e-14
arms,cp_decoupled,pred-ls,8,1,0,5.69479900e+01
arms,cp_decoupled,pred-ls,8,1,1,2.57330500e+05
arms,cp_decoupled,pred-ls,8,1,2,8.84211200e+04
arms,cp_decoupled,pred-ls,8,1,3,3.03825400e+04
arms,cp_decoupled,pred-ls,8,1,4,1.04401200e+04
arms,cp_decoupled,pred-ls,8,1,5,3.58785600e+03
arms,cp_decoupled,pred-ls,8,1,6,1.23345200e+03
arms,cp_decoupled,pred-ls,8,1,7,4.24484800e+02
arms,cp_decoupled,pred-ls,8,1,8,1.46390900e+02
arms,cp_decoupled,pred-ls,8,1,9,5.04305800e+01
arms,cp_decoupled,pred-ls,8,1,10,1.68600200e+01
arms,cp_decoupled,pred-ls,8,1,11,5.02628100e+00
arms,cp_decoupled,pred-ls,8,1,12,1.12200800e+00
arms,cp_decoupled,pred-ls,8,1,13,1.18118800e-01
arms,cp_decoupled,pred-ls,8,1,14,1.96925600e-03
arms,cp_decoupled,pred-ls,8,1,15,6.77838100e-07
arms,cp_decoupled,pred-ls,8,1,16,9.94760700e-14
arms,cp_decoupled,nopred+ls,8,1,0,1.23711600e-02
arms,cp_decoupled,nopred+ls,8,1,1,3.47693300e+02
arms,cp_decoupled,nopred+ls,8,1,2,1.25282500e+02
arms,cp_decoupled,nopred+ls,8,1,3,4.47947700e+01
arms,cp_decoupled,nopred+ls,8,1,4,1.41817000e+01
arms,cp_decoupled,nopred+ls,8,1,5,3.22185500e+00
arms,cp_decoupled,nopred+ls,8,1,6,3.71171700e-01
arms,cp_decoupled,nopred+ls,8,1,7,1.53159100e-01
arms,cp_decoupled,nopred+ls,8,1,8,2.68663800e-02
arms,cp_decoupled,nopred+ls,8,1,9,2.07459200e-02
arms,cp_decoupled,nopred+ls,8,1,10,1.94862000e-02
arms,cp_decoupled,nopred+ls,8,1,11,1.85186900e-02
arms,cp_decoupled,nopred+ls,8,1,12,1.69820500e-02
arms,cp_decoupled,nopred+ls,8,1,13,5.43324200e-03
arms,cp_decoupled,nopred+ls,8,1,14,2.26239900e-05
arms,cp_decoupled,nopred+ls,8,1,15,3.78882500e-10
arms,cp_decoupled,nopred+ls,8,1,16,7.99361300e-15
arms,cp_decoupled,nopred-ls,8,1,0,1.23711600e-02
arms,cp_decoupled,nopred-ls,8,1,1,5.83332600e+09
arms,cp_decoupled,nopred-ls,8,1,2,2.00438300e+09
arms,cp_decoupled,nopred-ls,8,1,3,6.88723800e+08
arms,cp_decoupled,nopred-ls,8,1,4,2.36651600e+08
arms,cp_decoupled,nopred-ls,8,1,5,8.13156100e+07
arms,cp_decoupled,nopred-ls,8,1,6,2.79407700e+07
arms,cp_decoupled,nopred-ls,8,1,7,9.60070100e+06
arms,cp_decoupled,nopred-ls,8,1,8,3.29888900e+06
arms,cp_decoupled,nopred-ls,8,1,9,1.13353100e+06
arms,cp_decoupled,nopred-ls,8,1,10,3.89494500e+05
arms,cp_decoupled,nopred-ls,8,1,11,1.33837200e+05
arms,cp_decoupled,nopred-ls,8,1,12,4.59912200e+04
arms,cp_decoupled,nopred-ls,8,1,13,1.58067000e+04
arms,cp_decoupled,nopred-ls,8,1,14,5.43518000e+03
arms,cp_decoupled,nopred-ls,8,1,15,1.87163200e+03
arms,cp_decoupled,nopred-ls,8,1,16,6.47655200e+02
arms,cp_decoupled,nopred-ls,8,1,17,2.28150100e+02
arms,cp_decoupled,nopred-ls,8,1,18,8.10790400e+01
arms,cp_decoupled,nopred-ls,8,1,19,2.78930000e+01
arms,cp_decoupled,nopred-ls,8,1,20,7.90868400e+00
arms,cp_decoupled,nopred-ls,8,1,21,1.44114200e+00
arms,cp_decoupled,nopred-ls,8,1,22,1.01714200e-01
arms,cp_decoupled,nopred-ls,8,1,23,7.86446100e-04
arms,cp_decoupled,nopred-ls,8,1,24,5.31674300e-08
arms,cp_decoupled,nopred-ls,8,1,25,1.42108600e-14
stiffness,cp_decoupled,pred-ls,2,1,0,5.59690700e+01
stiffness,cp_decoupled,pred-ls,2,1,1,1.55821100e+01
stiffness,cp_decoupled,pred-ls,2,1,2,2.95996300e+00
stiffness,cp_decoupled,pred-ls,2,1,3,3.20683600e-01
stiffness,cp_decoupled,pred-ls,2,1,4,2.47116600e-03
stiffness,cp_decoupled,pred-ls,2,1,5,3.26386400e-07
stiffness,cp_decoupled,pred-ls,4,1,0,4.71989900e+01
stiffness,cp_decoupled,pred-ls,4,1,1,6.57187000e+01
stiffness,cp_decoupled,pred-ls,4,1,2,2.05543100e+01
stiffness,cp_decoupled,pred-ls,4,1,3,6.09606400e+00
stiffness,cp_decoupled,pred-ls,4,1,4,1.48476200e+00
stiffness,cp_decoupled,pred-ls,4,1,5,2.04806600e-01
stiffness,cp_decoupled,pred-ls,4,1,6,6.27029100e-03
stiffness,cp_decoupled,pred-ls,4,1,7,6.66257300e-06
stiffness,cp_decoupled,pred-ls,4,1,8,7.96141400e-12
stiffness,cp_decoupled,pred-ls,8,1,0,5.69479900e+01
stiffness,cp_decoupled,pred-ls,8,1,1,2.57330500e+05
stiffness,cp_decoupled,pred-ls,8,1,2,8.84211200e+04
stiffness,cp_decoupled,pred-ls,8,1,3,3.03825400e+04
stiffness,cp_decoupled,pred-ls,8,1,4,1.04401200e+04
stiffness,cp_decoupled,pred-ls,8,1,5,3.58785600e+03
stiffness,cp_decoupled,pred-ls,8,1,6,1.23345200e+03
stiffness,cp_decoupled,pred-ls,8,1,7,4.24484800e+02
stiffness,cp_decoupled,pred-ls,8,1,8,1.46390900e+02
stiffness,cp_decoupled,pred-ls,8,1,9,5.04305800e+01
stiffness,cp_decoupled,pred-ls,8,1,10,1.68600200e+01
stiffness,cp_decoupled,pred-ls,8,1,11,5.02628100e+00
stiffness,cp_decoupled,pred-ls,8,1,12,1.12200800e+00
stiffness,cp_decoupled,pred-ls,8,1,13,1.18118800e-01
stiffness,cp_decoupled,pred-ls,8,1,14,1.96925600e-03
stiffness,cp_decoupled,pred-ls,8,1,15,6.77838100e-07
stiffness,cp_decoupled,pred-ls,8,1,16,9.94760700e-14
stiffness,cp_decoupled,pred-ls,12,1,0,8.57103600e+01
stiffness,cp_decoupled,pred-ls,12,1,1,8.01277800e+08
stiffness,cp_decoupled,pred-ls,12,1,2,2.82046300e+08
stiffness,cp_decoupled,pred-ls,12,1,3,9.92790600e+07
stiffness,cp_decoupled,pred-ls,12,1,4,3.49458000e+07
stiffness,cp_decoupled,pred-ls,12,1,5,1.23007700e+07
stiffness,cp_decoupled,pred-ls,12,1,6,4.32981700e+06
stiffness,cp_decoupled,pred-ls,12,1,7,1.52407700e+06
stiffness,cp_decoupled,pred-ls,12,1,8,5.36469100e+05
stiffness,cp_decoupled,pred-ls,12,1,9,1.88835500e+05
stiffness,cp_decoupled,pred-ls,12,1,10,6.64700800e+04
stiffness,cp_decoupled,pred-ls,12,1,11,2.33980500e+04
stiffness,cp_decoupled,pred-ls,12,1,12,8.23695000e+03
stiffness,cp_decoupled,pred-ls,12,1,13,2.90035100e+03
stiffness,cp_decoupled,pred-ls,12,1,14,1.02189700e+03
stiffness,cp_decoupled,pred-ls,12,1,15,3.60600300e+02
stiffness,cp_decoupled,pred-ls,12,1,16,1.27521500e+02
stiffness,cp_decoupled,pred-ls,12,1,17,4.48376500e+01
stiffness,cp_decoupled,pred-ls,12,1,18,1.49984700e+01
stiffness,cp_decoupled,pred-ls,12,1,19,4.27789300e+00
stiffness,cp_decoupled,pred-ls,12,1,20,8.39018600e-01
stiffness,cp_decoupled,pred-ls,12,1,21,6.71462600e-02
stiffness,cp_decoupled,pred-ls,12,1,22,6.63271400e-04
stiffness,cp_decoupled,pred-ls,12,1,23,7.62641600e-08
stiffness,cp_decoupled,pred-ls,12,1,24,1.24345100e-14
stiffness,cp_decoupled,pred-ls,20,1,0,2.46773900e+02
stiffness,cp_decoupled,pred-ls,20,1,1,6.92433100e+15
stiffness,cp_decoupled,pred-ls,20,1,2,2.48227500e+15
stiffness,cp_decoupled,pred-ls,20,1,3,8.89860700e+14
stiffness,cp_decoupled,pred-ls,20,1,4,3.19002500e+14
stiffness,cp_decoupled,pred-ls,20,1,5,1.14357900e+14
stiffness,cp_decoupled,pred-ls,20,1,6,4.09957000e+13
stiffness,cp_decoupled,pred-ls,20,1,7,1.46963800e+13
stiffness,cp_decoupled,pred-ls,20,1,8,5.26844600e+12
stiffness,cp_decoupled,pred-ls,20,1,9,1.88866400e+12
stiffness,cp_decoupled,pred-ls,20,1,10,6.77059400e+11
stiffness,cp_decoupled,pred-ls,20,1,11,2.42716300e+11
stiffness,cp_decoupled,pred-ls,20,1,12,8.70103600e+10
stiffness,cp_decoupled,pred-ls,20,1,13,3.11919900e+10
stiffness,cp_decoupled,pred-ls,20,1,14,1.11818900e+10
stiffness,cp_decoupled,pred-ls,20,1,15,4.00855000e+09
stiffness,cp_decoupled,pred-ls,20,1,16,1.43700900e+09
stiffness,cp_decoupled,pred-ls,20,1,17,5.15147400e+08
stiffness,cp_decoupled,pred-ls,20,1,18,1.84673100e+08
stiffness,cp_decoupled,pred-ls,20,1,19,6.62027000e+07
stiffness,cp_decoupled,pred-ls,20,1,20,2.37327400e+07
stiffness,cp_decoupled,pred-ls,20,1,21,8.50785400e+06
stiffness,cp_decoupled,pred-ls,20,1,22,3.04994700e+06
stiffness,cp_decoupled,pred-ls,20,1,23,1.09336500e+06
stiffness,cp_decoupled,pred-ls,20,1,24,3.91957400e+05
stiffness,cp_decoupled,pred-ls,20,1,25,1.40512800e+05
stiffness,cp_decoupled,pred-ls,20,1,26,5.03734500e+04
stiffness,cp_decoupled,pred-ls,20,1,27,1.80598000e+04
stiffness,cp_decoupled,pred-ls,20,1,28,6.47583600e+03
stiffness,cp_decoupled,pred-ls,20,1,29,2.32314900e+03
stiffness,cp_decoupled,pred-ls,20,1,30,8.34423000e+02
stiffness,cp_decoupled,pred-ls,20,1,31,3.00562800e+02
stiffness,cp_decoupled,pred-ls,20,1,32,1.08711600e+02
stiffness,cp_decoupled,pred-ls,20,1,33,3.91089400e+01
stiffness,cp_decoupled,pred-ls,20,1,34,1.34050700e+01
stiffness,cp_decoupled,pred-ls,20,1,35,4.07010500e+00
stiffness,cp_decoupled,pred-ls,20,1,36,9.63112600e-01
stiffness,cp_decoupled,pred-ls,20,1,37,1.16130400e-01
stiffness,cp_decoupled,pred-ls,20,1,38,2.43185900e-03
stiffness,cp_decoupled,pred-ls,20,1,39,1.13072300e-06
stiffness,cp_decoupled,pred-ls,20,1,40,2.51354700e-13
stiffness,cp_decoupled,nopred-ls,2,1,0,1.23711600e-02
stiffness,cp_decoupled,nopred-ls,2,1,1,5.65068600e+03
stiffness,cp_decoupled,nopred-ls,2,1,2,1.41742000e+03
stiffness,cp_decoupled,nopred-ls,2,1,3,3.61036000e+02
stiffness,cp_decoupled,nopred-ls,2,1,4,9.63263500e+01
stiffness,cp_decoupled,nopred-ls,2,1,5,2.66033600e+01
stiffness,cp_decoupled,nopred-ls,2,1,6,5.94225300e+00
stiffness,cp_decoupled,nopred-ls,2,1,7,8.74714400e-01
stiffness,cp_decoupled,nopred-ls,2,1,8,1.74138300e-02
stiffness,cp_decoupled,nopred-ls,2,1,9,1.32132900e-05
stiffness,cp_decoupled,nopred-ls,2,1,10,1.52766800e-11
stiffness,cp_decoupled,nopred-ls,4,1,0,1.23711600e-02
stiffness,cp_decoupled,nopred-ls,4,1,1,4.78698300e+05
stiffness,cp_decoupled,nopred-ls,4,1,2,1.51464600e+05
stiffness,cp_decoupled,nopred-ls,4,1,3,4.79269500e+04
stiffness,cp_decoupled,nopred-ls,4,1,4,1.51678100e+04
stiffness,cp_decoupled,nopred-ls,4,1,5,4.80321600e+03
stiffness,cp_decoupled,nopred-ls,4,1,6,1.52416700e+03
stiffness,cp_decoupled,nopred-ls,4,1,7,4.86697600e+02
stiffness,cp_decoupled,nopred-ls,4,1,8,1.57810600e+02
stiffness,cp_decoupled,nopred-ls,4,1,9,5.20016000e+01
stiffness,cp_decoupled,nopred-ls,4,1,10,1.62314700e+01
stiffness,cp_decoupled,nopred-ls,4,1,11,3.66036400e+00
stiffness,cp_decoupled,nopred-ls,4,1,12,3.73846000e-01
stiffness,cp_decoupled,nopred-ls,4,1,13,5.87393000e-03
stiffness,cp_decoupled,nopred-ls,4,1,14,1.63926100e-06
stiffness,cp_decoupled,nopred-ls,4,1,15,1.45661400e-13
stiffness,cp_decoupled,nopred-ls,8,1,0,1.23711600e-02
stiffness,cp_decoupled,nopred-ls,8,1,1,5.83332600e+09
stiffness,cp_decoupled,nopred-ls,8,1,2,2.00438300e+09
stiffness,cp_decoupled,nopred-ls,8,1,3,6.88723800e+08
stiffness,cp_decoupled,nopred-ls,8,1,4,2.36651600e+08
stiffness,cp_decoupled,nopred-ls,8,1,5,8.13156100e+07
stiffness,cp_decoupled,nopred-ls,8,1,6,2.79407700e+07
stiffness,cp_decoupled,nopred-ls,8,1,7,9.60070100e+06
stiffness,cp_decoupled,nopred-ls,8,1,8,3.29888900e+06
stiffness,cp_decoupled,nopred-ls,8,1,9,1.13353100e+06
stiffness,cp_decoupled,nopred-ls,8,1,10,3.89494500e+05
stiffness,cp_decoupled,nopred-ls,8,1,11,1.33837200e+05
stiffness,cp_decoupled,nopred-ls,8,1,12,4.59912200e+04
stiffness,cp_decoupled,nopred-ls,8,1,13,1.58067000e+04
stiffness,cp_decoupled,nopred-ls,8,1,14,5.43518000e+03
stiffness,cp_decoupled,nopred-ls,8,1,15,1.87163200e+03
stiffness,cp_decoupled,nopred-ls,8,1,16,6.47655200e+02
stiffness,cp_decoupled,nopred-ls,8,1,17,2.28150100e+02
stiffness,cp_decoupled,nopred-ls,8,1,18,8.10790400e+01
stiffness,cp_decoupled,nopred-ls,8,1,19,2.78930000e+01
stiffness,cp_decoupled,nopred-ls,8,1,20,7.90868400e+00
stiffness,cp_decoupled,nopred-ls,8,1,21,1.44114200e+00
stiffness,cp_decoupled,nopred-ls,8,1,22,1.01714200e-01
stiffness,cp_decoupled,nopred-ls,8,1,23,7.86446100e-04
stiffness,cp_decoupled,nopred-ls,8,1,24,5.31674300e-08
stiffness,cp_decoupled,nopred-ls,8,1,25,1.42108600e-14
stiffness,cp_decoupled,nopred-ls,12,1,0,1.23711600e-02
stiffness,cp_decoupled,nopred-ls,12,1,1,8.86126500e+13
stiffness,cp_decoupled,nopred-ls,12,1,2,3.11912700e+13
stiffness,cp_decoupled,nopred-ls,12,1,3,1.09791900e+13
stiffness,cp_decoupled,nopred-ls,12,1,4,3.86462700e+12
stiffness,cp_decoupled,nopred-ls,12,1,5,1.36033200e+12
stiffness,cp_decoupled,nopred-ls,12,1,6,4.78830800e+11
stiffness,cp_decoupled,nopred-ls,12,1,7,1.68546300e+11
stiffness,cp_decoupled,nopred-ls,12,1,8,5.93275800e+10
stiffness,cp_decoupled,nopred-ls,12,1,9,2.08830500e+10
stiffness,cp_decoupled,nopred-ls,12,1,10,7.35074200e+09
stiffness,cp_decoupled,nopred-ls,12,1,11,2.58742900e+09
stiffness,cp_decoupled,nopred-ls,12,1,12,9.10763700e+08
stiffness,cp_decoupled,nopred-ls,12,1,13,3.20584800e+08
stiffness,cp_decoupled,nopred-ls,12,1,14,1.12844500e+08
stiffness,cp_decoupled,nopred-ls,12,1,15,3.97207600e+07
stiffness,cp_decoupled,nopred-ls,12,1,16,1.39815400e+07
stiffness,cp_decoupled,nopred-ls,12,1,17,4.92144300e+06
stiffness,cp_decoupled,nopred-ls,12,1,18,1.73233000e+06
stiffness,cp_decoupled,nopred-ls,12,1,19,6.09775900e+05
stiffness,cp_decoupled,nopred-ls,12,1,20,2.14641900e+05
stiffness,cp_decoupled,nopred-ls,12,1,21,7.55566200e+04
stiffness,cp_decoupled,nopred-ls,12,1,22,2.65995100e+04
stiffness,cp_decoupled,nopred-ls,12,1,23,9.36814400e+03
stiffness,cp_decoupled,nopred-ls,12,1,24,3.30382500e+03
stiffness,cp_decoupled,nopred-ls,12,1,25,1.16831000e+03
stiffness,cp_decoupled,nopred-ls,12,1,26,4.16456900e+02
stiffness,cp_decoupled,nopred-ls,12,1,27,1.50409800e+02
stiffness,cp_decoupled,nopred-ls,12,1,28,5.43690900e+01
stiffness,cp_decoupled,nopred-ls,12,1,29,1.81581400e+01
stiffness,cp_decoupled,nopred-ls,12,1,30,4.80290700e+00
stiffness,cp_decoupled,nopred-ls,12,1,31,8.20402200e-01
stiffness,cp_decoupled,nopred-ls,12,1,32,4.94365500e-02
stiffness,cp_decoupled,nopred-ls,12,1,33,2.27615000e-04
stiffness,cp_decoupled,nopred-ls,12,1,34,4.95607200e-09
stiffness,cp_decoupled,nopred-ls,12,1,35,3.37508000e-14
stiffness,cp_decoupled,nopred-ls,20,1,0,1.23711600e-02
stiffness,cp_decoupled,nopred-ls,20,1,1,2.59087100e+22
stiffness,cp_decoupled,nopred-ls,20,1,2,9.28790900e+21
stiffness,cp_decoupled,nopred-ls,20,1,3,3.32958500e+21
stiffness,cp_decoupled,nopred-ls,20,1,4,1.19360900e+21
stiffness,cp_decoupled,nopred-ls,20,1,5,4.27892100e+20
stiffness,cp_decoupled,nopred-ls,20,1,6,1.53393300e+20
stiffness,cp_decoupled,nopred-ls,20,1,7,5.49893400e+19
stiffness,cp_decoupled,nopred-ls,20,1,8,1.97129000e+19
stiffness,cp_decoupled,nopred-ls,20,1,9,7.06679800e+18
stiffness,cp_decoupled,nopred-ls,20,1,10,2.53334800e+18
stiffness,cp_decoupled,nopred-ls,20,1,11,9.08169500e+17
stiffness,cp_decoupled,nopred-ls,20,1,12,3.25566000e+17
stiffness,cp_decoupled,nopred-ls,20,1,13,1.16710800e+17
stiffness,cp_decoupled,nopred-ls,20,1,14,4.18391900e+16
stiffness,cp_decoupled,nopred-ls,20,1,15,1.49987600e+16
stiffness,cp_decoupled,nopred-ls,20,1,16,5.37684400e+15
stiffness,cp_decoupled,nopred-ls,20,1,17,1.92752300e+15
stiffness,cp_decoupled,nopred-ls,20,1,18,6.90989800e+14
stiffness,cp_decoupled,nopred-ls,20,1,19,2.47710100e+14
stiffness,cp_decoupled,nopred-ls,20,1,20,8.88005900e+13
stiffness,cp_decoupled,nopred-ls,20,1,21,3.18337600e+13
stiffness,cp_decoupled,nopred-ls,20,1,22,1.14119600e+13
stiffness,cp_decoupled,nopred-ls,20,1,23,4.09102500e+12
stiffness,cp_decoupled,nopred-ls,20,1,24,1.46657500e+12
stiffness,cp_decoupled,nopred-ls,20,1,25,5.25746500e+11
stiffness,cp_decoupled,nopred-ls,20,1,26,1.88472700e+11
stiffness,cp_decoupled,nopred-ls,20,1,27,6.75648200e+10
stiffness,cp_decoupled,nopred-ls,20,1,28,2.42210400e+10
stiffness,cp_decoupled,nopred-ls,20,1,29,8.68290000e+09
stiffness,cp_decoupled,nopred-ls,20,1,30,3.11269800e+09
stiffness,cp_decoupled,nopred-ls,20,1,31,1.11585800e+09
stiffness,cp_decoupled,nopred-ls,20,1,32,4.00019500e+08
stiffness,cp_decoupled,nopred-ls,20,1,33,1.43401400e+08
stiffness,cp_decoupled,nopred-ls,20,1,34,5.14073700e+07
stiffness,cp_decoupled,nopred-ls,20,1,35,1.84288200e+07
stiffness,cp_decoupled,nopred-ls,20,1,36,6.60647700e+06
stiffness,cp_decoupled,nopred-ls,20,1,37,2.36841800e+06
stiffness,cp_decoupled,nopred-ls,20,1,38,8.49048900e+05
stiffness,cp_decoupled,nopred-ls,20,1,39,3.04376900e+05
stiffness,cp_decoupled,nopred-ls,20,1,40,1.09120100e+05
stiffness,cp_decoupled,nopred-ls,20,1,41,3.91233200e+04
stiffness,cp_decoupled,nopred-ls,20,1,42,1.40306700e+04
stiffness,cp_decoupled,nopred-ls,20,1,43,5.03542200e+03
stiffness,cp_decoupled,nopred-ls,20,1,44,1.81064700e+03
stiffness,cp_decoupled,nopred-ls,20,1,45,6.54267900e+02
stiffness,cp_decoupled,nopred-ls,20,1,46,2.38863600e+02
stiffness,cp_decoupled,nopred-ls,20,1,47,8.81871000e+01
stiffness,cp_decoupled,nopred-ls,20,1,48,3.17933300e+01
stiffness,cp_decoupled,nopred-ls,20,1,49,1.01574300e+01
stepsize,cp_decoupled,pred+ls,8,1,0,5.69479900e+01
stepsize,cp_decoupled,pred+ls,8,1,1,4.30540000e+01
stepsize,cp_decoupled,pred+ls,8,1,2,1.34287900e+01
stepsize,cp_decoupled,pred+ls,8,1,3,2.68593200e+00
stepsize,cp_decoupled,pred+ls,8,1,4,7.42115200e-01
stepsize,cp_decoupled,pred+ls,8,1,5,2.03759900e-01
stepsize,cp_decoupled,pred+ls,8,1,6,1.63272000e-01
stepsize,cp_decoupled,pred+ls,8,1,7,2.75257800e-02
stepsize,cp_decoupled,pred+ls,8,1,8,2.16530200e-02
stepsize,cp_decoupled,pred+ls,8,1,9,2.11043100e-02
stepsize,cp_decoupled,pred+ls,8,1,10,1.99799700e-02
stepsize,cp_decoupled,pred+ls,8,1,11,1.94090100e-02
stepsize,cp_decoupled,pred+ls,8,1,12,1.83815900e-02
stepsize,cp_decoupled,pred+ls,8,1,13,5.95661300e-03
stepsize,cp_decoupled,pred+ls,8,1,14,2.71638500e-05
stepsize,cp_decoupled,pred+ls,8,1,15,5.46202200e-10
stepsize,cp_decoupled,pred+ls,8,1,16,1.59872300e-14
stepsize,cp_decoupled,pred+ls,8,2,0,2.91573800e+04
stepsize,cp_decoupled,pred+ls,8,2,1,1.00274500e+04
stepsize,cp_decoupled,pred+ls,8,2,2,3.45472000e+03
stepsize,cp_decoupled,pred+ls,8,2,3,1.19792100e+03
stepsize,cp_decoupled,pred+ls,8,2,4,4.24572600e+02
stepsize,cp_decoupled,pred+ls,8,2,5,1.53760400e+02
stepsize,cp_decoupled,pred+ls,8,2,6,5.54277400e+01
stepsize,cp_decoupled,pred+ls,8,2,7,1.68899400e+01
stepsize,cp_decoupled,pred+ls,8,2,8,3.24586900e+00
stepsize,cp_decoupled,pred+ls,8,2,9,2.36396200e-01
stepsize,cp_decoupled,pred+ls,8,2,10,2.10469600e-03
stepsize,cp_decoupled,pred+ls,8,2,11,2.12006900e-07
stepsize,cp_decoupled,pred+ls,8,5,0,1.11226600e+08
stepsize,cp_decoupled,pred+ls,8,5,1,3.82184600e+07
stepsize,cp_decoupled,pred+ls,8,5,2,1.31322300e+07
stepsize,cp_decoupled,pred+ls,8,5,3,4.51237200e+06
stepsize,cp_decoupled,pred+ls,8,5,4,1.55051300e+06
stepsize,cp_decoupled,pred+ls,8,5,5,5.32792500e+05
stepsize,cp_decoupled,pred+ls,8,5,6,1.83094800e+05
stepsize,cp_decoupled,pred+ls,8,5,7,6.29358600e+04
stepsize,cp_decoupled,pred+ls,8,5,8,2.16487500e+04
stepsize,cp_decoupled,pred+ls,8,5,9,7.46380100e+03
stepsize,cp_decoupled,pred+ls,8,5,10,2.59654100e+03
stepsize,cp_decoupled,pred+ls,8,5,11,9.24601900e+02
stepsize,cp_decoupled,pred+ls,8,5,12,3.42141300e+02
stepsize,cp_decoupled,pred+ls,8,5,13,1.29199800e+02
stepsize,cp_decoupled,pred+ls,8,5,14,4.27604700e+01
stepsize,cp_decoupled,pred+ls,8,5,15,9.15938000e+00
stepsize,cp_decoupled,pred+ls,8,5,16,7.45394300e-01
stepsize,cp_decoupled,pred+ls,8,10,0,5.69480000e+10
stepsize,cp_decoupled,pred+ls,8,10,1,1.95678400e+10
stepsize,cp_decoupled,pred+ls,8,10,2,6.72368400e+09
stepsize,cp_decoupled,pred+ls,8,10,3,2.31031800e+09
stepsize,cp_decoupled,pred+ls,8,10,4,7.93845900e+08
stepsize,cp_decoupled,pred+ls,8,10,5,2.72772600e+08
stepsize,cp_decoupled,pred+ls,8,10,6,9.37271300e+07
stepsize,cp_decoupled,pred+ls,8,10,7,3.22055200e+07
stepsize,cp_decoupled,pred+ls,8,10,8,1.10661500e+07
stepsize,cp_decoupled,pred+ls,8,10,9,3.80247400e+06
stepsize,cp_decoupled,pred+ls,8,10,10,1.30661000e+06
stepsize,cp_decoupled,pred+ls,8,10,11,4.49008900e+05
stepsize,cp_decoupled,pred+ls,8,10,12,1.54330000e+05
stepsize,cp_decoupled,pred+ls,8,10,13,5.30766400e+04
stepsize,cp_decoupled,pred+ls,8,10,14,1.82878500e+04
stepsize,cp_decoupled,pred+ls,8,10,15,6.34500400e+03
stepsize,cp_decoupled,pred+ls,8,10,16,2.25283300e+03
stepsize,cp_decoupled,pred+ls,8,10,17,8.29450600e+02
stepsize,cp_decoupled,pred+ls,8,10,18,3.20230300e+02
stepsize,cp_decoupled,pred+ls,8,20,0,8.82284100e-01
stepsize,cp_decoupled,pred+ls,8,20,1,2.87647300e-01
stepsize,cp_decoupled,pred+ls,8,20,2,2.01016400e-01
stepsize,cp_decoupled,pred+ls,8,20,3,6.79215400e-02
stepsize,cp_decoupled,pred+ls,8,20,4,1.31279000e-02
stepsize,cp_decoupled,pred+ls,8,20,5,1.26192700e-02
stepsize,cp_decoupled,pred+ls,8,20,6,2.78903200e-03
stepsize,cp_decoupled,pred+ls,8,20,7,2.46159000e-03
stepsize,cp_decoupled,pred+ls,8,20,8,2.42543400e-03
stepsize,cp_decoupled,pred+ls,8,20,9,2.30942600e-03
stepsize,cp_decoupled,pred+ls,8,20,10,5.15088900e-03
stepsize,cp_decoupled,pred+ls,8,20,11,2.35338200e-03
stepsize,cp_decoupled,pred+ls,8,20,12,3.61656900e-03
stepsize,cp_decoupled,pred+ls,8,20,13,2.52680700e-03
stepsize,cp_decoupled,pred+ls,8,20,14,2.39071900e-03
stepsize,cp_decoupled,pred+ls,8,20,15,2.43014200e-03
stepsize,cp_decoupled,pred+ls,8,20,16,2.34686900e-03
stepsize,cp_decoupled,pred+ls,8,20,17,3.03952300e-03
stepsize,cp_decoupled,pred+ls,8,20,18,2.33183100e-03
stepsize,cp_decoupled,pred+ls,8,20,19,6.94949900e-03
stepsize,cp_decoupled,pred+ls,8,20,20,2.57875200e-03
stepsize,cp_decoupled,pred+ls,8,20,21,2.37107300e-03
stepsize,cp_decoupled,pred+ls,8,20,22,2.74504400e-03
stepsize,cp_decoupled,pred+ls,8,20,23,2.52900900e-03
stepsize,cp_decoupled,pred+ls,8,20,24,2.40045400e-03
stepsize,cp_decoupled,pred+ls,8,20,25,2.42322000e-03
stepsize,cp_decoupled,pred+ls,8,20,26,2.36513100e-03
stepsize,cp_decoupled,pred+ls,8,20,27,2.68735600e-03
stepsize,cp_decoupled,pred+ls,8,20,28,2.59130900e-03
stepsize,cp_decoupled,pred+ls,8,20,29,2.34163500e-03
stepsize,cp_decoupled,pred+ls,8,20,30,3.50933500e-03
stepsize,cp_decoupled,pred+ls,8,20,31,2.64155400e-03
stepsize,cp_decoupled,pred+ls,8,20,32,2.33095900e-03
stepsize,cp_decoupled,pred+ls,8,20,33,2.13956100e-02
stepsize,cp_decoupled,pred+ls,8,20,34,5.60922600e-03
stepsize,cp_decoupled,pred+ls,8,20,35,2.38358200e-03
stepsize,cp_decoupled,pred+ls,8,20,36,2.39449100e-03
stepsize,cp_decoupled,pred+ls,8,20,37,2.37323700e-03
stepsize,cp_decoupled,pred+ls,8,20,38,2.45135400e-03
stepsize,cp_decoupled,pred+ls,8,20,39,2.31951600e-03
stepsize,cp_decoupled,pred+ls,8,20,40,9.72813000e-03
stepsize,cp_decoupled,pred+ls,8,20,41,3.10258800e-03
stepsize,cp_decoupled,pred+ls,8,20,42,2.34322000e-03
stepsize,cp_decoupled,pred+ls,8,20,43,1.68133800e-02
stepsize,cp_decoupled,pred+ls,8,20,44,4.50934700e-03
stepsize,cp_decoupled,pred+ls,8,20,45,2.33807800e-03
stepsize,cp_decoupled,pred+ls,8,20,46,3.90929300e-03
stepsize,cp_decoupled,pred+ls,8,20,47,2.43919500e-03
stepsize,cp_decoupled,pred+ls,8,20,48,2.34997400e-03
stepsize,cp_decoupled,pred+ls,8,20,49,3.22516800e-03
stepsize,cp_decoupled,pred-ls,8,1,0,5.69479900e+01
stepsize,cp_decoupled,pred-ls,8,1,1,2.57330500e+05
stepsize,cp_decoupled,pred-ls,8,1,2,8.84211200e+04
stepsize,cp_decoupled,pred-ls,8,1,3,3.03825400e+04
stepsize,cp_decoupled,pred-ls,8,1,4,1.04401200e+04
stepsize,cp_decoupled,pred-ls,8,1,5,3.58785600e+03
stepsize,cp_decoupled,pred-ls,8,1,6,1.23345200e+03
stepsize,cp_decoupled,pred-ls,8,1,7,4.24484800e+02
stepsize,cp_decoupled,pred-ls,8,1,8,1.46390900e+02
stepsize,cp_decoupled,pred-ls,8,1,9,5.04305800e+01
stepsize,cp_decoupled,pred-ls,8,1,10,1.68600200e+01
stepsize,cp_decoupled,pred-ls,8,1,11,5.02628100e+00
stepsize,cp_decoupled,pred-ls,8,1,12,1.12200800e+00
stepsize,cp_decoupled,pred-ls,8,1,13,1.18118800e-01
stepsize,cp_decoupled,pred-ls,8,1,14,1.96925600e-03
stepsize,cp_decoupled,pred-ls,8,1,15,6.77838100e-07
stepsize,cp_decoupled,pred-ls,8,1,16,9.94760700e-14
stepsize,cp_decoupled,pred-ls,8,2,0,2.91573800e+04
stepsize,cp_decoupled,pred-ls,8,2,1,3.67349500e+04
stepsize,cp_decoupled,pred-ls,8,2,2,1.26219200e+04
stepsize,cp_decoupled,pred-ls,8,2,3,4.33658600e+03
stepsize,cp_decoupled,pred-ls,8,2,4,1.48977500e+03
stepsize,cp_decoupled,pred-ls,8,2,5,5.11652400e+02
stepsize,cp_decoupled,pred-ls,8,2,6,1.75548900e+02
stepsize,cp_decoupled,pred-ls,8,2,7,5.98916400e+01
stepsize,cp_decoupled,pred-ls,8,2,8,1.98224700e+01
stepsize,cp_decoupled,pred-ls,8,2,9,5.86283900e+00
stepsize,cp_decoupled,pred-ls,8,2,10,1.26718100e+00
stepsize,cp_decoupled,pred-ls,8,2,11,1.19261300e-01
stepsize,cp_decoupled,pred-ls,8,2,12,1.50844500e-03
stepsize,cp_decoupled,pred-ls,8,2,13,2.98115400e-07
stepsize,cp_decoupled,pred-ls,8,2,14,1.06581800e-14
stepsize,cp_decoupled,pred-ls,8,5,0,1.11226600e+08
stepsize,cp_decoupled,pred-ls,8,5,1,3.82184600e+07
stepsize,cp_decoupled,pred-ls,8,5,2,1.31322300e+07
stepsize,cp_decoupled,pred-ls,8,5,3,4.51237200e+06
stepsize,cp_decoupled,pred-ls,8,5,4,1.55051300e+06
stepsize,cp_decoupled,pred-ls,8,5,5,5.32792500e+05
stepsize,cp_decoupled,pred-ls,8,5,6,1.83094800e+05
stepsize,cp_decoupled,pred-ls,8,5,7,6.29358600e+04
stepsize,cp_decoupled,pred-ls,8,5,8,2.16487500e+04
stepsize,cp_decoupled,pred-ls,8,5,9,7.46380100e+03
stepsize,cp_decoupled,pred-ls,8,5,10,2.59654100e+03
stepsize,cp_decoupled,pred-ls,8,5,11,9.24601900e+02
stepsize,cp_decoupled,pred-ls,8,5,12,3.42141300e+02
stepsize,cp_decoupled,pred-ls,8,5,13,1.29199800e+02
stepsize,cp_decoupled,pred-ls,8,5,14,4.27604700e+01
stepsize,cp_decoupled,pred-ls,8,5,15,9.15938000e+00
stepsize,cp_decoupled,pred-ls,8,5,16,7.45394300e-01
stepsize,cp_decoupled,pred-ls,8,10,0,6.10231100e-02
stepsize,cp_decoupled,pred-ls,8,10,1,4.52844400e-01
stepsize,cp_decoupled,pred-ls,8,10,2,7.71960700e-01
stepsize,cp_decoupled,pred-ls,8,10,3,9.28806800e-01
stepsize,cp_decoupled,pred-ls,8,10,4,1.19722400e+00
stepsize,cp_decoupled,pred-ls,8,10,5,3.62110300e-01
stepsize,cp_decoupled,pred-ls,8,10,6,1.11983900e-01
stepsize,cp_decoupled,pred-ls,8,10,7,8.48773600e-01
stepsize,cp_decoupled,pred-ls,8,10,8,1.33260400e+00
stepsize,cp_decoupled,pred-ls,8,10,9,5.21966600e+00
stepsize,cp_decoupled,pred-ls,8,10,10,2.96785100e+01
stepsize,cp_decoupled,pred-ls,8,10,11,1.53656100e+00
stepsize,cp_decoupled,pred-ls,8,10,12,2.36171300e+00
stepsize,cp_decoupled,pred-ls,8,10,13,6.31010900e-01
stepsize,cp_decoupled,pred-ls,8,10,14,2.37518500e-01
stepsize,cp_decoupled,pred-ls,8,10,15,1.00769200e-01
stepsize,cp_decoupled,pred-ls,8,10,16,5.45422300e-01
stepsize,cp_decoupled,pred-ls,8,10,17,9.93995400e-01
stepsize,cp_decoupled,pred-ls,8,10,18,6.18226800e-01
stepsize,cp_decoupled,pred-ls,8,10,19,1.08668100e+00
stepsize,cp_decoupled,pred-ls,8,10,20,1.69797000e+00
stepsize,cp_decoupled,pred-ls,8,10,21,2.08059600e-01
stepsize,cp_decoupled,pred-ls,8,10,22,7.20157100e-02
stepsize,cp_decoupled,pred-ls,8,10,23,5.01848100e-01
stepsize,cp_decoupled,pred-ls,8,10,24,9.05064700e-02
stepsize,cp_decoupled,pred-ls,8,10,25,1.23744700e-01
stepsize,cp_decoupled,pred-ls,8,10,26,4.09345300e-02
stepsize,cp_decoupled,pred-ls,8,10,27,1.97777400e-02
stepsize,cp_decoupled,pred-ls,8,10,28,1.68342000e-04
stepsize,cp_decoupled,pred-ls,8,10,29,1.86778800e-07
stepsize,cp_decoupled,pred-ls,8,10,30,4.81724700e-13
stepsize,cp_decoupled,pred-ls,8,20,0,8.82284100e-01
stepsize,cp_decoupled,pred-ls,8,20,1,2.87647300e-01
stepsize,cp_decoupled,pred-ls,8,20,2,3.06774100e-01
stepsize,cp_decoupled,pred-ls,8,20,3,1.28225300e-01
stepsize,cp_decoupled,pred-ls,8,20,4,1.71463500e-02
stepsize,cp_decoupled,pred-ls,8,20,5,4.58615100e-03
stepsize,cp_decoupled,pred-ls,8,20,6,2.33333700e-03
stepsize,cp_decoupled,pred-ls,8,20,7,1.04553900e-01
stepsize,cp_decoupled,pred-ls,8,20,8,6.41408000e-03
stepsize,cp_decoupled,pred-ls,8,20,9,2.31587900e-03
stepsize,cp_decoupled,pred-ls,8,20,10,5.90486600e-02
stepsize,cp_decoupled,pred-ls,8,20,11,7.83643700e-03
stepsize,cp_decoupled,pred-ls,8,20,12,2.59680100e-03
stepsize,cp_decoupled,pred-ls,8,20,13,5.49834900e-03
stepsize,cp_decoupled,pred-ls,8,20,14,2.37908400e-03
stepsize,cp_decoupled,pred-ls,8,20,15,3.33847300e-02
stepsize,cp_decoupled,pred-ls,8,20,16,7.62202000e-03
stepsize,cp_decoupled,pred-ls,8,20,17,2.70570100e-03
stepsize,cp_decoupled,pred-ls,8,20,18,4.48478900e-03
stepsize,cp_decoupled,pred-ls,8,20,19,2.34328200e-03
stepsize,cp_decoupled,pred-ls,8,20,20,9.55427200e-02
stepsize,cp_decoupled,pred-ls,8,20,21,7.81754300e-03
stepsize,cp_decoupled,pred-ls,8,20,22,2.44604600e-03
stepsize,cp_decoupled,pred-ls,8,20,23,1.06296600e-02
stepsize,cp_decoupled,pred-ls,8,20,24,3.35026800e-03
stepsize,cp_decoupled,pred-ls,8,20,25,2.70279700e-03
stepsize,cp_decoupled,pred-ls,8,20,26,4.90700000e-03
stepsize,cp_decoupled,pred-ls,8,20,27,2.32812500e-03
stepsize,cp_decoupled,pred-ls,8,20,28,1.03257100e-01
stepsize,cp_decoupled,pred-ls,8,20,29,6.60768900e-03
stepsize,cp_decoupled,pred-ls,8,20,30,2.32882000e-03
stepsize,cp_decoupled,pred-ls,8,20,31,4.08608600e-02
stepsize,cp_decoupled,pred-ls,8,20,32,8.41080800e-03
stepsize,cp_decoupled,pred-ls,8,20,33,2.84580400e-03
stepsize,cp_decoupled,pred-ls,8,20,34,3.68176000e-03
stepsize,cp_decoupled,pred-ls,8,20,35,2.53003900e-03
stepsize,cp_decoupled,pred-ls,8,20,36,7.69132500e-03
stepsize,cp_decoupled,pred-ls,8,20,37,2.70877900e-03
stepsize,cp_decoupled,pred-ls,8,20,38,5.10686400e-03
stepsize,cp_decoupled,pred-ls,8,20,39,2.34068400e-03
stepsize,cp_decoupled,pred-ls,8,20,40,5.10887000e-02
stepsize,cp_decoupled,pred-ls,8,20,41,9.35372600e-03
stepsize,cp_decoupled,pred-ls,8,20,42,2.85065000e-03
stepsize,cp_decoupled,pred-ls,8,20,43,3.84598200e-03
stepsize,cp_decoupled,pred-ls,8,20,44,2.42399600e-03
stepsize,cp_decoupled,pred-ls,8,20,45,1.47537600e-02
stepsize,cp_decoupled,pred-ls,8,20,46,4.24122700e-03
stepsize,cp_decoupled,pred-ls,8,20,47,2.33497500e-03
stepsize,cp_decoupled,pred-ls,8,20,48,6.15931600e-02
stepsize,cp_decoupled,pred-ls,8,20,49,7.46596000e-03
stepsize,cp_decoupled,nopred+ls,8,1,0,1.23711600e-02
stepsize,cp_decoupled,nopred+ls,8,1,1,3.47693300e+02
stepsize,cp_decoupled,nopred+ls,8,1,2,1.25282500e+02
stepsize,cp_decoupled,nopred+ls,8,1,3,4.47947700e+01
stepsize,cp_decoupled,nopred+ls,8,1,4,1.41817000e+01
stepsize,cp_decoupled,nopred+ls,8,1,5,3.22185500e+00
stepsize,cp_decoupled,nopred+ls,8,1,6,3.71171700e-01
stepsize,cp_decoupled,nopred+ls,8,1,7,1.53159100e-01
stepsize,cp_decoupled,nopred+ls,8,1,8,2.68663800e-02
stepsize,cp_decoupled,nopred+ls,8,1,9,2.07459200e-02
stepsize,cp_decoupled,nopred+ls,8,1,10,1.94862000e-02
stepsize,cp_decoupled,nopred+ls,8,1,11,1.85186900e-02
stepsize,cp_decoupled,nopred+ls,8,1,12,1.69820500e-02
stepsize,cp_decoupled,nopred+ls,8,1,13,5.43324200e-03
stepsize,cp_decoupled,nopred+ls,8,1,14,2.26239900e-05
stepsize,cp_decoupled,nopred+ls,8,1,15,3.78882500e-10
stepsize,cp_decoupled,nopred+ls,8,1,16,7.99361300e-15
stepsize,cp_decoupled,nopred+ls,8,2,0,2.47423200e-02
stepsize,cp_decoupled,nopred+ls,8,2,1,1.82008400e+05
stepsize,cp_decoupled,nopred+ls,8,2,2,6.25478300e+04
stepsize,cp_decoupled,nopred+ls,8,2,3,2.15003000e+04
stepsize,cp_decoupled,nopred+ls,8,2,4,7.39626000e+03
stepsize,cp_decoupled,nopred+ls,8,2,5,2.55058100e+03
stepsize,cp_decoupled,nopred+ls,8,2,6,8.88255600e+02
stepsize,cp_decoupled,nopred+ls,8,2,7,3.16430200e+02
stepsize,cp_decoupled,nopred+ls,8,2,8,1.15558700e+02
stepsize,cp_decoupled,nopred+ls,8,2,9,4.06398200e+01
stepsize,cp_decoupled,nopred+ls,8,2,10,1.12521900e+01
stepsize,cp_decoupled,nopred+ls,8,2,11,1.75047700e+00
stepsize,cp_decoupled,nopred+ls,8,2,12,8.06953300e-02
stepsize,cp_decoupled,nopred+ls,8,2,13,2.63215600e-04
stepsize,cp_decoupled,nopred+ls,8,2,14,3.37023900e-09
stepsize,cp_decoupled,nopred+ls,8,2,15,2.30926600e-14
stepsize,cp_decoupled,nopred+ls,8,5,0,6.18558000e-02
stepsize,cp_decoupled,nopred+ls,8,5,1,7.33287900e+08
stepsize,cp_decoupled,nopred+ls,8,5,2,2.51964300e+08
stepsize,cp_decoupled,nopred+ls,8,5,3,8.65772000e+07
stepsize,cp_decoupled,nopred+ls,8,5,4,2.97487200e+07
stepsize,cp_decoupled,nopred+ls,8,5,5,1.02219400e+07
stepsize,cp_decoupled,nopred+ls,8,5,6,3.51237200e+06
stepsize,cp_decoupled,nopred+ls,8,5,7,1.20690300e+06
stepsize,cp_decoupled,nopred+ls,8,5,8,4.14723500e+05
stepsize,cp_decoupled,nopred+ls,8,5,9,1.42523700e+05
stepsize,cp_decoupled,nopred+ls,8,5,10,4.89937300e+04
stepsize,cp_decoupled,nopred+ls,8,5,11,1.68565100e+04
stepsize,cp_decoupled,nopred+ls,8,5,12,5.81538100e+03
stepsize,cp_decoupled,nopred+ls,8,5,13,2.03097600e+03
stepsize,cp_decoupled,nopred+ls,8,5,14,7.29224500e+02
stepsize,cp_decoupled,nopred+ls,8,5,15,2.73589200e+02
stepsize,cp_decoupled,nopred+ls,8,5,16,1.02246600e+02
stepsize,cp_decoupled,nopred+ls,8,5,17,3.16066600e+01
stepsize,cp_decoupled,nopred+ls,8,5,18,5.73037800e+00
stepsize,cp_decoupled,nopred+ls,8,5,19,3.23806000e-01
stepsize,cp_decoupled,nopred+ls,8,5,20,1.55054400e-03
stepsize,cp_decoupled,nopred+ls,8,5,21,4.70233200e-08
stepsize,cp_decoupled,nopred+ls,8,5,22,2.84218100e-14
stepsize,cp_decoupled,nopred+ls,8,10,0,1.23711600e-01
stepsize,cp_decoupled,nopred+ls,8,10,1,3.94297100e+11
stepsize,cp_decoupled,nopred+ls,8,10,2,1.35484000e+11
stepsize,cp_decoupled,nopred+ls,8,10,3,4.65535200e+10
stepsize,cp_decoupled,nopred+ls,8,10,4,1.59962000e+10
stepsize,cp_decoupled,nopred+ls,8,10,5,5.49643800e+09
stepsize,cp_decoupled,nopred+ls,8,10,6,1.88862500e+09
stepsize,cp_decoupled,nopred+ls,8,10,7,6.48948500e+08
stepsize,cp_decoupled,nopred+ls,8,10,8,2.22984500e+08
stepsize,cp_decoupled,nopred+ls,8,10,9,7.66195100e+07
stepsize,cp_decoupled,nopred+ls,8,10,10,2.63271900e+07
stepsize,cp_decoupled,nopred+ls,8,10,11,9.04629700e+06
stepsize,cp_decoupled,nopred+ls,8,10,12,3.10842900e+06
stepsize,cp_decoupled,nopred+ls,8,10,13,1.06812500e+06
stepsize,cp_decoupled,nopred+ls,8,10,14,3.67058600e+05
stepsize,cp_decoupled,nopred+ls,8,10,15,1.26166100e+05
stepsize,cp_decoupled,nopred+ls,8,10,16,4.33939200e+04
stepsize,cp_decoupled,nopred+ls,8,10,17,1.49542500e+04
stepsize,cp_decoupled,nopred+ls,8,10,18,5.18843100e+03
stepsize,cp_decoupled,nopred+ls,8,10,19,2.00765300e+03
stepsize,cp_decoupled,nopred+ls,8,10,20,7.36017200e+02
stepsize,cp_decoupled,nopred+ls,8,10,21,2.88170000e+02
stepsize,cp_decoupled,nopred+ls,8,10,22,1.01302800e+02
stepsize,cp_decoupled,nopred+ls,8,10,23,2.47437100e+01
stepsize,cp_decoupled,nopred+ls,8,10,24,2.54566100e+00
stepsize,cp_decoupled,nopred+ls,8,10,25,4.09622300e-02
stepsize,cp_decoupled,nopred+ls,8,10,26,1.41795100e-05
stepsize,cp_decoupled,nopred+ls,8,10,27,2.08189700e-12
stepsize,cp_decoupled,nopred+ls,8,20,0,2.47423200e-01
stepsize,cp_decoupled,nopred+ls,8,20,1,1.90378900e+14
stepsize,cp_decoupled,nopred+ls,8,20,2,6.54158700e+13
stepsize,cp_decoupled,nopred+ls,8,20,3,2.24774800e+13
stepsize,cp_decoupled,nopred+ls,8,20,4,7.72346200e+12
stepsize,cp_decoupled,nopred+ls,8,20,5,2.65385000e+12
stepsize,cp_decoupled,nopred+ls,8,20,6,9.11886600e+11
stepsize,cp_decoupled,nopred+ls,8,20,7,3.13332400e+11
stepsize,cp_decoupled,nopred+ls,8,20,8,1.07663800e+11
stepsize,cp_decoupled,nopred+ls,8,20,9,3.69942400e+10
stepsize,cp_decoupled,nopred+ls,8,20,10,1.27115500e+10
stepsize,cp_decoupled,nopred+ls,8,20,11,4.36780200e+09
stepsize,cp_decoupled,nopred+ls,8,20,12,1.50081600e+09
stepsize,cp_decoupled,nopred+ls,8,20,13,5.15693800e+08
stepsize,cp_decoupled,nopred+ls,8,20,14,1.77197100e+08
stepsize,cp_decoupled,nopred+ls,8,20,15,6.08865700e+07
stepsize,cp_decoupled,nopred+ls,8,20,16,2.09212500e+07
stepsize,cp_decoupled,nopred+ls,8,20,17,7.18880900e+06
stepsize,cp_decoupled,nopred+ls,8,20,18,2.47022000e+06
stepsize,cp_decoupled,nopred+ls,8,20,19,8.48870700e+05
stepsize,cp_decoupled,nopred+ls,8,20,20,2.91761000e+05
stepsize,cp_decoupled,nopred+ls,8,20,21,1.00333900e+05
stepsize,cp_decoupled,nopred+ls,8,20,22,3.45596600e+04
stepsize,cp_decoupled,nopred+ls,8,20,23,1.19651800e+04
stepsize,cp_decoupled,nopred+ls,8,20,24,4.37224300e+03
stepsize,cp_decoupled,nopred+ls,8,20,25,1.59982500e+03
stepsize,cp_decoupled,nopred+ls,8,20,26,6.24365800e+02
stepsize,cp_decoupled,nopred+ls,8,20,27,2.71458000e+02
stepsize,cp_decoupled,nopred+ls,8,20,28,8.17551000e+01
stepsize,cp_decoupled,nopred+ls,8,20,29,1.31533800e+01
stepsize,cp_decoupled,nopred+ls,8,20,30,5.19772600e-01
stepsize,cp_decoupled,nopred+ls,8,20,31,1.05716900e-03
stepsize,cp_decoupled,nopred+ls,8,20,32,5.37252400e-09
stepsize,cp_decoupled,nopred+ls,8,20,33,9.23740200e-14
stepsize,cp_decoupled,nopred-ls,8,1,0,1.23711600e-02
stepsize,cp_decoupled,nopred-ls,8,1,1,5.83332600e+09
stepsize,cp_decoupled,nopred-ls,8,1,2,2.00438300e+09
stepsize,cp_decoupled,nopred-ls,8,1,3,6.88723800e+08
stepsize,cp_decoupled,nopred-ls,8,1,4,2.36651600e+08
stepsize,cp_decoupled,nopred-ls,8,1,5,8.13156100e+07
stepsize,cp_decoupled,nopred-ls,8,1,6,2.79407700e+07
stepsize,cp_decoupled,nopred-ls,8,1,7,9.60070100e+06
stepsize,cp_decoupled,nopred-ls,8,1,8,3.29888900e+06
stepsize,cp_decoupled,nopred-ls,8,1,9,1.13353100e+06
stepsize,cp_decoupled,nopred-ls,8,1,10,3.89494500e+05
stepsize,cp_decoupled,nopred-ls,8,1,11,1.33837200e+05
stepsize,cp_decoupled,nopred-ls,8,1,12,4.59912200e+04
stepsize,cp_decoupled,nopred-ls,8,1,13,1.58067000e+04
stepsize,cp_decoupled,nopred-ls,8,1,14,5.43518000e+03
stepsize,cp_decoupled,nopred-ls,8,1,15,1.87163200e+03
stepsize,cp_decoupled,nopred-ls,8,1,16,6.47655200e+02
stepsize,cp_decoupled,nopred-ls,8,1,17,2.28150100e+02
stepsize,cp_decoupled,nopred-ls,8,1,18,8.10790400e+01
stepsize,cp_decoupled,nopred-ls,8,1,19,2.78930000e+01
stepsize,cp_decoupled,nopred-ls,8,1,20,7.90868400e+00
stepsize,cp_decoupled,nopred-ls,8,1,21,1.44114200e+00
stepsize,cp_decoupled,nopred-ls,8,1,22,1.01714200e-01
stepsize,cp_decoupled,nopred-ls,8,1,23,7.86446100e-04
stepsize,cp_decoupled,nopred-ls,8,1,24,5.31674300e-08
stepsize,cp_decoupled,nopred-ls,8,1,25,1.42108600e-14
stepsize,cp_decoupled,nopred-ls,8,2,0,2.47423200e-02
stepsize,cp_decoupled,nopred-ls,8,2,1,3.05359400e+12
stepsize,cp_decoupled,nopred-ls,8,2,2,1.04924200e+12
stepsize,cp_decoupled,nopred-ls,8,2,3,3.60528900e+11
stepsize,cp_decoupled,nopred-ls,8,2,4,1.23880900e+11
stepsize,cp_decoupled,nopred-ls,8,2,5,4.25666000e+10
stepsize,cp_decoupled,nopred-ls,8,2,6,1.46262600e+10
stepsize,cp_decoupled,nopred-ls,8,2,7,5.02571400e+09
stepsize,cp_decoupled,nopred-ls,8,2,8,1.72688000e+09
stepsize,cp_decoupled,nopred-ls,8,2,9,5.93371400e+08
stepsize,cp_decoupled,nopred-ls,8,2,10,2.03887700e+08
stepsize,cp_decoupled,nopred-ls,8,2,11,7.00576500e+07
stepsize,cp_decoupled,nopred-ls,8,2,12,2.40724400e+07
stepsize,cp_decoupled,nopred-ls,8,2,13,8.27151200e+06
stepsize,cp_decoupled,nopred-ls,8,2,14,2.84217300e+06
stepsize,cp_decoupled,nopred-ls,8,2,15,9.76603600e+05
stepsize,cp_decoupled,nopred-ls,8,2,16,3.35577600e+05
stepsize,cp_decoupled,nopred-ls,8,2,17,1.15315500e+05
stepsize,cp_decoupled,nopred-ls,8,2,18,3.96316500e+04
stepsize,cp_decoupled,nopred-ls,8,2,19,1.36261900e+04
stepsize,cp_decoupled,nopred-ls,8,2,20,4.69083700e+03
stepsize,cp_decoupled,nopred-ls,8,2,21,1.62159300e+03
stepsize,cp_decoupled,nopred-ls,8,2,22,5.71780600e+02
stepsize,cp_decoupled,nopred-ls,8,2,23,2.05263700e+02
stepsize,cp_decoupled,nopred-ls,8,2,24,7.49860600e+01
stepsize,cp_decoupled,nopred-ls,8,2,25,2.45747000e+01
stepsize,cp_decoupled,nopred-ls,8,2,26,5.59936600e+00
stepsize,cp_decoupled,nopred-ls,8,2,27,5.78463000e-01
stepsize,cp_decoupled,nopred-ls,8,2,28,1.09619100e-02
stepsize,cp_decoupled,nopred-ls,8,2,29,5.37209400e-06
stepsize,cp_decoupled,nopred-ls,8,2,30,1.47082600e-12
stepsize,cp_decoupled,nopred-ls,8,5,0,6.18558000e-02
stepsize,cp_decoupled,nopred-ls,8,5,1,1.23025300e+16
stepsize,cp_decoupled,nopred-ls,8,5,2,4.22725900e+15
stepsize,cp_decoupled,nopred-ls,8,5,3,1.45252400e+15
stepsize,cp_decoupled,nopred-ls,8,5,4,4.99100200e+14
stepsize,cp_decoupled,nopred-ls,8,5,5,1.71495300e+14
stepsize,cp_decoupled,nopred-ls,8,5,6,5.89273000e+13
stepsize,cp_decoupled,nopred-ls,8,5,7,2.02479500e+13
stepsize,cp_decoupled,nopred-ls,8,5,8,6.95737500e+12
stepsize,cp_decoupled,nopred-ls,8,5,9,2.39061600e+12
stepsize,cp_decoupled,nopred-ls,8,5,10,8.21437000e+11
stepsize,cp_decoupled,nopred-ls,8,5,11,2.82253100e+11
stepsize,cp_decoupled,nopred-ls,8,5,12,9.69846700e+10
stepsize,cp_decoupled,nopred-ls,8,5,13,3.33248000e+10
stepsize,cp_decoupled,nopred-ls,8,5,14,1.14507000e+10
stepsize,cp_decoupled,nopred-ls,8,5,15,3.93456200e+09
stepsize,cp_decoupled,nopred-ls,8,5,16,1.35195100e+09
stepsize,cp_decoupled,nopred-ls,8,5,17,4.64542300e+08
stepsize,cp_decoupled,nopred-ls,8,5,18,1.59620900e+08
stepsize,cp_decoupled,nopred-ls,8,5,19,5.48471800e+07
stepsize,cp_decoupled,nopred-ls,8,5,20,1.88460000e+07
stepsize,cp_decoupled,nopred-ls,8,5,21,6.47567400e+06
stepsize,cp_decoupled,nopred-ls,8,5,22,2.22512000e+06
stepsize,cp_decoupled,nopred-ls,8,5,23,7.64591900e+05
stepsize,cp_decoupled,nopred-ls,8,5,24,2.62741500e+05
stepsize,cp_decoupled,nopred-ls,8,5,25,9.03014700e+04
stepsize,cp_decoupled,nopred-ls,8,5,26,3.10498600e+04
stepsize,cp_decoupled,nopred-ls,8,5,27,1.06912700e+04
stepsize,cp_decoupled,nopred-ls,8,5,28,3.69863100e+03
stepsize,cp_decoupled,nopred-ls,8,5,29,1.32158300e+03
stepsize,cp_decoupled,nopred-ls,8,5,30,4.79236700e+02
stepsize,cp_decoupled,nopred-ls,8,5,31,1.81888200e+02
stepsize,cp_decoupled,nopred-ls,8,5,32,6.45938100e+01
stepsize,cp_decoupled,nopred-ls,8,5,33,1.67631400e+01
stepsize,cp_decoupled,nopred-ls,8,5,34,2.05190400e+00
stepsize,cp_decoupled,nopred-ls,8,5,35,5.01793500e-02
stepsize,cp_decoupled,nopred-ls,8,5,36,4.23705700e-05
stepsize,cp_decoupled,nopred-ls,8,5,37,3.85293000e-11
stepsize,cp_decoupled,nopred-ls,8,10,0,1.23711600e-01
stepsize,cp_decoupled,nopred-ls,8,10,1,6.61520800e+18
stepsize,cp_decoupled,nopred-ls,8,10,2,2.27304500e+18
stepsize,cp_decoupled,nopred-ls,8,10,3,7.81038400e+17
stepsize,cp_decoupled,nopred-ls,8,10,4,2.68371800e+17
stepsize,cp_decoupled,nopred-ls,8,10,5,9.22149300e+16
stepsize,cp_decoupled,nopred-ls,8,10,6,3.16858700e+16
stepsize,cp_decoupled,nopred-ls,8,10,7,1.08875500e+16
stepsize,cp_decoupled,nopred-ls,8,10,8,3.74105800e+15
stepsize,cp_decoupled,nopred-ls,8,10,9,1.28546100e+15
stepsize,cp_decoupled,nopred-ls,8,10,10,4.41695900e+14
stepsize,cp_decoupled,nopred-ls,8,10,11,1.51770600e+14
stepsize,cp_decoupled,nopred-ls,8,10,12,5.21497500e+13
stepsize,cp_decoupled,nopred-ls,8,10,13,1.79191200e+13
stepsize,cp_decoupled,nopred-ls,8,10,14,6.15716900e+12
stepsize,cp_decoupled,nopred-ls,8,10,15,2.11565800e+12
stepsize,cp_decoupled,nopred-ls,8,10,16,7.26959000e+11
stepsize,cp_decoupled,nopred-ls,8,10,17,2.49789600e+11
stepsize,cp_decoupled,nopred-ls,8,10,18,8.58299300e+10
stepsize,cp_decoupled,nopred-ls,8,10,19,2.94919300e+10
stepsize,cp_decoupled,nopred-ls,8,10,20,1.01336900e+10
stepsize,cp_decoupled,nopred-ls,8,10,21,3.48202600e+09
stepsize,cp_decoupled,nopred-ls,8,10,22,1.19645500e+09
stepsize,cp_decoupled,nopred-ls,8,10,23,4.11112700e+08
stepsize,cp_decoupled,nopred-ls,8,10,24,1.41262000e+08
stepsize,cp_decoupled,nopred-ls,8,10,25,4.85389400e+07
stepsize,cp_decoupled,nopred-ls,8,10,26,1.66784500e+07
stepsize,cp_decoupled,nopred-ls,8,10,27,5.73090600e+06
stepsize,cp_decoupled,nopred-ls,8,10,28,1.96923100e+06
stepsize,cp_decoupled,nopred-ls,8,10,29,6.76686600e+05
stepsize,cp_decoupled,nopred-ls,8,10,30,2.32556900e+05
stepsize,cp_decoupled,nopred-ls,8,10,31,7.99503400e+04
stepsize,cp_decoupled,nopred-ls,8,10,32,2.75142400e+04
stepsize,cp_decoupled,nopred-ls,8,10,33,9.49940500e+03
stepsize,cp_decoupled,nopred-ls,8,10,34,3.33017500e+03
stepsize,cp_decoupled,nopred-ls,8,10,35,1.20939800e+03
stepsize,cp_decoupled,nopred-ls,8,10,36,4.64816300e+02
stepsize,cp_decoupled,nopred-ls,8,10,37,1.77452500e+02
stepsize,cp_decoupled,nopred-ls,8,10,38,5.55239600e+01
stepsize,cp_decoupled,nopred-ls,8,10,39,1.00132300e+01
stepsize,cp_decoupled,nopred-ls,8,10,40,5.37945400e-01
stepsize,cp_decoupled,nopred-ls,8,10,41,2.21300500e-03
stepsize,cp_decoupled,nopred-ls,8,10,42,4.78440800e-08
stepsize,cp_decoupled,nopred-ls,8,10,43,3.55276600e-14
stepsize,cp_decoupled,nopred-ls,8,20,0,2.47423200e-01
stepsize,cp_decoupled,nopred-ls,8,20,1,3.19402700e+21
stepsize,cp_decoupled,nopred-ls,8,20,2,1.09749600e+21
stepsize,cp_decoupled,nopred-ls,8,20,3,3.77109500e+20
stepsize,cp_decoupled,nopred-ls,8,20,4,1.29578200e+20
stepsize,cp_decoupled,nopred-ls,8,20,5,4.45242200e+19
stepsize,cp_decoupled,nopred-ls,8,20,6,1.52989200e+19
stepsize,cp_decoupled,nopred-ls,8,20,7,5.25684500e+18
stepsize,cp_decoupled,nopred-ls,8,20,8,1.80629900e+18
stepsize,cp_decoupled,nopred-ls,8,20,9,6.20660400e+17
stepsize,cp_decoupled,nopred-ls,8,20,10,2.13264400e+17
stepsize,cp_decoupled,nopred-ls,8,20,11,7.32795600e+16
stepsize,cp_decoupled,nopred-ls,8,20,12,2.51795100e+16
stepsize,cp_decoupled,nopred-ls,8,20,13,8.65190400e+15
stepsize,cp_decoupled,nopred-ls,8,20,14,2.97287100e+15
stepsize,cp_decoupled,nopred-ls,8,20,15,1.02150500e+15
stepsize,cp_decoupled,nopred-ls,8,20,16,3.50998300e+14
stepsize,cp_decoupled,nopred-ls,8,20,17,1.20606100e+14
stepsize,cp_decoupled,nopred-ls,8,20,18,4.14413400e+13
stepsize,cp_decoupled,nopred-ls,8,20,19,1.42396200e+13
stepsize,cp_decoupled,nopred-ls,8,20,20,4.89285900e+12
stepsize,cp_decoupled,nopred-ls,8,20,21,1.68123000e+12
stepsize,cp_decoupled,nopred-ls,8,20,22,5.77685600e+11
stepsize,cp_decoupled,nopred-ls,8,20,23,1.98497900e+11
stepsize,cp_decoupled,nopred-ls,8,20,24,6.82056500e+10
stepsize,cp_decoupled,nopred-ls,8,20,25,2.34360700e+10
stepsize,cp_decoupled,nopred-ls,8,20,26,8.05284300e+09
stepsize,cp_decoupled,nopred-ls,8,20,27,2.76702900e+09
stepsize,cp_decoupled,nopred-ls,8,20,28,9.50775800e+08
stepsize,cp_decoupled,nopred-ls,8,20,29,3.26695100e+08
stepsize,cp_decoupled,nopred-ls,8,20,30,1.12255400e+08
stepsize,cp_decoupled,nopred-ls,8,20,31,3.85720500e+07
stepsize,cp_decoupled,nopred-ls,8,20,32,1.32537800e+07
stepsize,cp_decoupled,nopred-ls,8,20,33,4.55419800e+06
stepsize,cp_decoupled,nopred-ls,8,20,34,1.56494400e+06
stepsize,cp_decoupled,nopred-ls,8,20,35,5.37810100e+05
stepsize,cp_decoupled,nopred-ls,8,20,36,1.84878000e+05
stepsize,cp_decoupled,nopred-ls,8,20,37,6.36084900e+04
stepsize,cp_decoupled,nopred-ls,8,20,38,2.19422200e+04
stepsize,cp_decoupled,nopred-ls,8,20,39,7.63678000e+03
stepsize,cp_decoupled,nopred-ls,8,20,40,7.30638900e+03
stepsize,cp_decoupled,nopred-ls,8,20,41,2.60101900e+03
stepsize,cp_decoupled,nopred-ls,8,20,42,9.66765800e+02
stepsize,cp_decoupled,nopred-ls,8,20,43,3.71430000e+02
stepsize,cp_decoupled,nopred-ls,8,20,44,1.29560900e+02
stepsize,cp_decoupled,nopred-ls,8,20,45,4.04195300e+01
stepsize,cp_decoupled,nopred-ls,8,20,46,7.19057600e+00
stepsize,cp_decoupled,nopred-ls,8,20,47,6.33059700e-01
stepsize,cp_decoupled,nopred-ls,8,20,48,1.97516100e-02
stepsize,cp_decoupled,nopred-ls,8,20,49,3.06748400e-05
